"Date","Price","Open","High","Low","Change %"
"Dec 29, 2023","4.019","3.994","4.048","3.985","0.58%"
"Dec 28, 2023","3.996","3.957","4.002","3.943","1.27%"
"Dec 27, 2023","3.946","4.048","4.052","3.940","-2.49%"
"Dec 26, 2023","4.047","4.055","4.060","4.025","-0.23%"
"Dec 25, 2023","4.056","4.056","4.056","4.056","0.06%"
"Dec 22, 2023","4.054","4.032","4.073","3.992","0.49%"
"Dec 21, 2023","4.034","3.999","4.040","3.977","1.12%"
"Dec 20, 2023","3.989","4.033","4.049","3.981","-1.25%"
"Dec 19, 2023","4.040","4.045","4.057","4.008","-0.21%"
"Dec 18, 2023","4.048","4.031","4.085","3.995","0.89%"
"Dec 15, 2023","4.012","4.045","4.082","4.001","-0.74%"
"Dec 14, 2023","4.042","4.182","4.185","4.023","-3.32%"
"Dec 13, 2023","4.181","4.309","4.317","4.167","-3.10%"
"Dec 12, 2023","4.315","4.328","4.354","4.255","-0.31%"
"Dec 11, 2023","4.328","4.318","4.375","4.309","0.47%"
"Dec 08, 2023","4.308","4.260","4.360","4.251","1.26%"
"Dec 07, 2023","4.254","4.221","4.283","4.212","0.81%"
"Dec 06, 2023","4.220","4.302","4.329","4.211","-1.81%"
"Dec 05, 2023","4.298","4.413","4.418","4.296","-2.60%"
"Dec 04, 2023","4.413","4.402","4.459","4.401","0.47%"
"Dec 01, 2023","4.392","4.492","4.520","4.387","-2.32%"
"Nov 30, 2023","4.497","4.450","4.539","4.428","1.22%"
"Nov 29, 2023","4.443","4.507","4.514","4.438","-1.39%"
"Nov 28, 2023","4.505","4.546","4.571","4.504","-0.78%"
"Nov 27, 2023","4.541","4.623","4.638","4.523","-1.35%"
"Nov 24, 2023","4.603","4.580","4.624","4.571","0.47%"
"Nov 23, 2023","4.581","4.575","4.581","4.575","0.83%"
"Nov 22, 2023","4.544","4.553","4.579","4.518","-0.21%"
"Nov 21, 2023","4.553","4.569","4.609","4.525","-0.50%"
"Nov 20, 2023","4.576","4.620","4.640","4.555","-0.39%"
"Nov 17, 2023","4.594","4.621","4.651","4.563","-0.54%"
"Nov 16, 2023","4.618","4.689","4.691","4.607","-1.70%"
"Nov 15, 2023","4.698","4.616","4.717","4.597","1.48%"
"Nov 14, 2023","4.630","4.758","4.786","4.594","-2.67%"
"Nov 13, 2023","4.757","4.772","4.808","4.735","0.02%"
"Nov 10, 2023","4.756","4.764","4.788","4.705","-0.34%"
"Nov 09, 2023","4.772","4.624","4.834","4.616","3.48%"
"Nov 08, 2023","4.612","4.739","4.765","4.608","-2.45%"
"Nov 07, 2023","4.727","4.810","4.833","4.707","-1.82%"
"Nov 06, 2023","4.815","4.783","4.838","4.765","0.95%"
"Nov 03, 2023","4.770","4.803","4.827","4.673","-0.62%"
"Nov 02, 2023","4.800","4.916","4.933","4.788","-2.50%"
"Nov 01, 2023","4.923","5.089","5.097","4.922","-3.28%"
"Oct 31, 2023","5.090","5.050","5.097","4.956","0.91%"
"Oct 30, 2023","5.044","5.044","5.096","4.999","0.52%"
"Oct 27, 2023","5.018","4.997","5.075","4.995","0.50%"
"Oct 26, 2023","4.993","5.082","5.131","4.978","-1.96%"
"Oct 25, 2023","5.093","4.946","5.097","4.929","3.27%"
"Oct 24, 2023","4.931","5.010","5.030","4.929","-1.43%"
"Oct 23, 2023","5.003","5.122","5.179","4.967","-1.48%"
"Oct 20, 2023","5.078","5.107","5.146","5.046","-0.61%"
"Oct 19, 2023","5.109","5.025","5.119","4.978","2.24%"
"Oct 18, 2023","4.997","4.931","5.029","4.917","1.47%"
"Oct 17, 2023","4.925","4.859","4.985","4.850","1.61%"
"Oct 16, 2023","4.847","4.791","4.884","4.788","1.90%"
"Oct 13, 2023","4.756","4.853","4.853","4.740","-2.03%"
"Oct 12, 2023","4.855","4.686","4.886","4.670","3.36%"
"Oct 11, 2023","4.697","4.836","4.838","4.691","-2.91%"
"Oct 10, 2023","4.838","4.816","4.913","4.799","0.43%"
"Oct 09, 2023","4.817","4.824","4.824","4.817","-2.87%"
"Oct 06, 2023","4.960","4.899","5.053","4.881","1.40%"
"Oct 05, 2023","4.891","4.863","4.929","4.841","0.59%"
"Oct 04, 2023","4.863","4.933","5.011","4.851","-1.22%"
"Oct 03, 2023","4.923","4.789","4.950","4.779","2.65%"
"Oct 02, 2023","4.796","4.733","4.819","4.722","1.85%"
"Sep 29, 2023","4.709","4.706","4.740","4.648","0.02%"
"Sep 28, 2023","4.707","4.720","4.808","4.698","-0.20%"
"Sep 27, 2023","4.717","4.669","4.740","4.623","0.65%"
"Sep 26, 2023","4.687","4.662","4.700","4.603","0.83%"
"Sep 25, 2023","4.648","4.535","4.671","4.534","2.64%"
"Sep 22, 2023","4.529","4.576","4.590","4.510","-1.08%"
"Sep 21, 2023","4.578","4.446","4.584","4.446","3.11%"
"Sep 20, 2023","4.440","4.428","4.451","4.383","0.25%"
"Sep 19, 2023","4.429","4.385","4.437","4.382","1.05%"
"Sep 18, 2023","4.383","4.385","4.392","4.382","-0.86%"
"Sep 15, 2023","4.421","4.384","4.423","4.370","0.94%"
"Sep 14, 2023","4.380","4.339","4.397","4.319","0.80%"
"Sep 13, 2023","4.345","4.354","4.401","4.327","-0.15%"
"Sep 12, 2023","4.352","4.384","4.386","4.341","-0.55%"
"Sep 11, 2023","4.376","4.356","4.391","4.348","0.98%"
"Sep 08, 2023","4.334","4.344","4.363","4.300","-0.20%"
"Sep 07, 2023","4.342","4.365","4.377","4.339","-0.51%"
"Sep 06, 2023","4.365","4.368","4.387","4.343","-0.24%"
"Sep 05, 2023","4.375","4.317","4.389","4.314","1.36%"
"Sep 04, 2023","4.317","4.301","4.324","4.298","0.31%"
"Sep 03, 2023","4.303","4.301","4.308","4.301","0.13%"
"Sep 01, 2023","4.297","4.218","4.313","4.200","2.10%"
"Aug 31, 2023","4.209","4.224","4.230","4.180","-0.33%"
"Aug 30, 2023","4.223","4.244","4.271","4.214","-0.07%"
"Aug 29, 2023","4.226","4.275","4.314","4.210","-1.25%"
"Aug 28, 2023","4.279","4.294","4.303","4.252","0.00%"
"Aug 25, 2023","4.279","4.296","4.324","4.266","-0.55%"
"Aug 24, 2023","4.303","4.267","4.310","4.246","0.80%"
"Aug 23, 2023","4.269","4.396","4.397","4.259","-3.12%"
"Aug 22, 2023","4.406","4.458","4.469","4.399","-0.99%"
"Aug 21, 2023","4.450","4.383","4.474","4.379","1.72%"
"Aug 18, 2023","4.375","4.382","4.407","4.339","-0.40%"
"Aug 17, 2023","4.393","4.354","4.426","4.354","0.84%"
"Aug 16, 2023","4.356","4.314","4.379","4.299","0.80%"
"Aug 15, 2023","4.321","4.294","4.321","4.286","0.51%"
"Aug 14, 2023","4.299","4.273","4.301","4.240","0.82%"
"Aug 11, 2023","4.264","4.241","4.291","4.240","0.22%"
"Aug 10, 2023","4.255","4.176","4.270","4.143","1.91%"
"Aug 09, 2023","4.175","4.196","4.218","4.164","-0.87%"
"Aug 08, 2023","4.212","4.266","4.266","4.156","-1.41%"
"Aug 07, 2023","4.272","4.206","4.276","4.200","1.64%"
"Aug 04, 2023","4.203","4.303","4.351","4.198","-2.17%"
"Aug 03, 2023","4.296","4.178","4.326","4.175","2.68%"
"Aug 02, 2023","4.184","4.092","4.207","4.085","1.98%"
"Aug 01, 2023","4.102","4.012","4.115","4.007","2.20%"
"Jul 31, 2023","4.014","4.025","4.048","3.989","0.02%"
"Jul 28, 2023","4.013","4.051","4.085","4.010","-0.66%"
"Jul 27, 2023","4.040","3.941","4.070","3.923","2.44%"
"Jul 26, 2023","3.944","3.942","3.961","3.906","0.19%"
"Jul 25, 2023","3.936","3.925","3.959","3.916","0.21%"
"Jul 24, 2023","3.928","3.908","3.934","3.865","0.71%"
"Jul 21, 2023","3.900","3.911","3.912","3.871","-0.33%"
"Jul 20, 2023","3.913","3.845","3.928","3.840","1.89%"
"Jul 19, 2023","3.841","3.901","3.906","3.832","-1.50%"
"Jul 18, 2023","3.899","3.927","3.929","3.885","-0.80%"
"Jul 17, 2023","3.931","3.919","3.948","3.885","0.12%"
"Jul 14, 2023","3.926","3.907","3.932","3.879","0.52%"
"Jul 13, 2023","3.905","3.950","3.970","3.891","-1.20%"
"Jul 12, 2023","3.953","4.006","4.030","3.937","-1.52%"
"Jul 11, 2023","4.014","4.038","4.042","3.993","-0.59%"
"Jul 10, 2023","4.038","4.050","4.086","4.024","-0.23%"
"Jul 07, 2023","4.047","4.001","4.061","3.984","1.21%"
"Jul 06, 2023","3.999","3.932","4.022","3.929","1.84%"
"Jul 05, 2023","3.927","3.856","3.952","3.854","1.84%"
"Jul 04, 2023","3.856","3.863","3.891","3.848","-0.35%"
"Jul 03, 2023","3.870","3.866","3.882","3.812","0.14%"
"Jun 30, 2023","3.864","3.900","3.936","3.835","-0.89%"
"Jun 29, 2023","3.899","3.811","3.927","3.810","2.27%"
"Jun 28, 2023","3.812","3.840","3.850","3.794","-0.87%"
"Jun 27, 2023","3.846","3.818","3.850","3.786","0.78%"
"Jun 26, 2023","3.816","3.803","3.829","3.768","0.05%"
"Jun 23, 2023","3.814","3.867","3.876","3.786","-1.45%"
"Jun 22, 2023","3.870","3.811","3.881","3.804","1.60%"
"Jun 21, 2023","3.810","3.823","3.874","3.800","-0.07%"
"Jun 20, 2023","3.812","3.911","3.913","3.800","-2.50%"
"Jun 19, 2023","3.910","3.849","3.926","3.841","1.53%"
"Jun 18, 2023","3.851","3.860","3.860","3.849","-0.05%"
"Jun 16, 2023","3.853","3.841","3.888","3.827","0.33%"
"Jun 15, 2023","3.840","3.883","3.920","3.802","-0.99%"
"Jun 14, 2023","3.879","3.923","3.943","3.872","-1.36%"
"Jun 13, 2023","3.932","3.880","3.948","3.837","1.14%"
"Jun 12, 2023","3.888","3.878","3.938","3.850","0.12%"
"Jun 09, 2023","3.883","3.891","3.925","3.873","-0.07%"
"Jun 08, 2023","3.886","3.944","3.980","3.879","-1.57%"
"Jun 07, 2023","3.948","3.848","3.952","3.835","2.46%"
"Jun 06, 2023","3.853","3.888","3.920","3.844","-0.92%"
"Jun 05, 2023","3.889","3.896","3.947","3.861","-0.02%"
"Jun 02, 2023","3.889","3.824","3.891","3.818","1.86%"
"Jun 01, 2023","3.819","3.857","3.885","3.802","-1.06%"
"May 31, 2023","3.859","3.899","3.904","3.831","-0.96%"
"May 30, 2023","3.897","3.924","3.938","3.880","-0.66%"
"May 29, 2023","3.923","3.971","3.976","3.905","-1.22%"
"May 28, 2023","3.971","3.969","3.991","3.958","0.05%"
"May 26, 2023","3.969","3.998","4.006","3.960","-0.66%"
"May 25, 2023","3.995","3.988","4.009","3.957","0.21%"
"May 24, 2023","3.987","3.953","3.990","3.917","0.88%"
"May 23, 2023","3.952","3.971","4.003","3.942","-0.38%"
"May 22, 2023","3.967","3.927","3.977","3.907","0.80%"
"May 19, 2023","3.935","3.909","3.960","3.889","0.66%"
"May 18, 2023","3.910","3.849","3.918","3.836","1.28%"
"May 17, 2023","3.860","3.865","3.888","3.834","0.05%"
"May 16, 2023","3.858","3.845","3.903","3.802","0.38%"
"May 15, 2023","3.844","3.783","3.846","3.777","1.62%"
"May 12, 2023","3.783","3.741","3.793","3.716","1.13%"
"May 11, 2023","3.740","3.800","3.806","3.717","-1.46%"
"May 10, 2023","3.796","3.842","3.845","3.790","-1.22%"
"May 09, 2023","3.843","3.834","3.856","3.794","0.52%"
"May 08, 2023","3.823","3.766","3.841","3.737","1.94%"
"May 05, 2023","3.750","3.626","3.799","3.626","0.55%"
"May 04, 2023","3.730","3.676","3.753","3.665","1.00%"
"May 03, 2023","3.693","3.740","3.732","3.663","-0.57%"
"May 02, 2023","3.714","3.815","3.815","3.705","-2.50%"
"May 01, 2023","3.809","3.690","3.859","3.689","3.45%"
"Apr 28, 2023","3.682","3.755","3.775","3.652","-1.97%"
"Apr 27, 2023","3.756","3.701","3.768","3.696","1.38%"
"Apr 26, 2023","3.705","3.666","3.711","3.630","1.34%"
"Apr 25, 2023","3.656","3.707","3.714","3.633","-1.53%"
"Apr 24, 2023","3.713","3.777","3.780","3.711","-1.55%"
"Apr 21, 2023","3.771","3.750","3.786","3.723","0.74%"
"Apr 20, 2023","3.744","3.786","3.795","3.730","-1.01%"
"Apr 19, 2023","3.782","3.801","3.833","3.775","-0.14%"
"Apr 18, 2023","3.787","3.815","3.820","3.768","-0.78%"
"Apr 17, 2023","3.817","3.747","3.818","3.729","2.13%"
"Apr 14, 2023","3.737","3.684","3.754","3.679","1.38%"
"Apr 13, 2023","3.686","3.624","3.693","3.614","1.41%"
"Apr 12, 2023","3.635","3.626","3.717","3.585","0.29%"
"Apr 11, 2023","3.625","3.636","3.647","3.597","-0.07%"
"Apr 10, 2023","3.627","3.596","3.646","3.570","0.12%"
"Apr 07, 2023","3.623","3.551","3.623","3.539","2.11%"
"Apr 06, 2023","3.548","3.569","3.576","3.527","-0.62%"
"Apr 05, 2023","3.570","3.602","3.612","3.555","-0.69%"
"Apr 04, 2023","3.595","3.633","3.686","3.579","-1.04%"
"Apr 03, 2023","3.633","3.700","3.729","3.612","-0.50%"
"Mar 31, 2023","3.651","3.742","3.770","3.647","-2.13%"
"Mar 30, 2023","3.730","3.772","3.785","3.729","-0.92%"
"Mar 29, 2023","3.765","3.776","3.815","3.751","-0.33%"
"Mar 28, 2023","3.777","3.769","3.790","3.735","0.24%"
"Mar 27, 2023","3.769","3.663","3.776","3.629","3.42%"
"Mar 24, 2023","3.644","3.693","3.700","3.602","-1.02%"
"Mar 23, 2023","3.681","3.664","3.747","3.655","0.31%"
"Mar 22, 2023","3.670","3.729","3.774","3.648","-1.55%"
"Mar 21, 2023","3.728","3.675","3.749","3.640","1.62%"
"Mar 20, 2023","3.668","3.653","3.689","3.542","1.12%"
"Mar 17, 2023","3.627","3.698","3.732","3.585","-2.27%"
"Mar 16, 2023","3.712","3.643","3.722","3.579","1.72%"
"Mar 15, 2023","3.649","3.811","3.821","3.603","-4.10%"
"Mar 14, 2023","3.805","3.700","3.816","3.635","3.00%"
"Mar 13, 2023","3.694","3.789","3.794","3.526","-0.47%"
"Mar 10, 2023","3.712","3.855","3.857","3.680","-3.75%"
"Mar 09, 2023","3.857","3.886","3.924","3.847","-0.89%"
"Mar 08, 2023","3.891","3.886","3.911","3.819","0.38%"
"Mar 07, 2023","3.877","3.902","3.932","3.848","-0.56%"
"Mar 06, 2023","3.899","3.885","3.926","3.823","0.54%"
"Mar 03, 2023","3.878","4.005","4.010","3.875","-3.08%"
"Mar 02, 2023","4.001","3.956","4.047","3.952","1.16%"
"Mar 01, 2023","3.955","3.928","3.985","3.901","0.81%"
"Feb 28, 2023","3.924","3.928","3.978","3.895","-0.21%"
"Feb 27, 2023","3.932","3.914","3.976","3.899","0.05%"
"Feb 24, 2023","3.930","3.886","3.962","3.858","1.02%"
"Feb 23, 2023","3.890","3.918","3.967","3.854","-0.82%"
"Feb 22, 2023","3.922","3.975","3.987","3.906","-1.19%"
"Feb 21, 2023","3.970","3.886","3.981","3.882","2.09%"
"Feb 20, 2023","3.888","3.888","3.889","3.888","0.59%"
"Feb 17, 2023","3.866","3.921","3.969","3.864","-1.33%"
"Feb 16, 2023","3.918","3.854","3.932","3.819","2.12%"
"Feb 15, 2023","3.836","3.776","3.873","3.765","1.47%"
"Feb 14, 2023","3.781","3.783","3.843","3.723","0.14%"
"Feb 13, 2023","3.776","3.828","3.831","3.764","-1.36%"
"Feb 10, 2023","3.828","3.754","3.836","3.736","2.53%"
"Feb 09, 2023","3.733","3.684","3.751","3.628","1.67%"
"Feb 08, 2023","3.672","3.710","3.752","3.671","-1.18%"
"Feb 07, 2023","3.716","3.679","3.727","3.655","1.07%"
"Feb 06, 2023","3.676","3.645","3.689","3.616","1.67%"
"Feb 03, 2023","3.616","3.547","3.664","3.518","1.70%"
"Feb 02, 2023","3.555","3.581","3.584","3.498","-0.48%"
"Feb 01, 2023","3.572","3.640","3.646","3.532","-1.74%"
"Jan 31, 2023","3.635","3.657","3.684","3.616","-0.43%"
"Jan 30, 2023","3.651","3.626","3.675","3.612","0.71%"
"Jan 27, 2023","3.626","3.643","3.689","3.621","-0.46%"
"Jan 26, 2023","3.642","3.598","3.700","3.589","1.10%"
"Jan 25, 2023","3.603","3.603","3.645","3.576","-0.04%"
"Jan 24, 2023","3.604","3.686","3.716","3.602","-2.22%"
"Jan 23, 2023","3.686","3.662","3.718","3.645","1.02%"
"Jan 20, 2023","3.649","3.571","3.668","3.562","2.25%"
"Jan 19, 2023","3.569","3.544","3.598","3.490","0.80%"
"Jan 18, 2023","3.540","3.656","3.672","3.522","-3.31%"
"Jan 17, 2023","3.661","3.645","3.697","3.616","0.41%"
"Jan 16, 2023","3.647","3.646","3.647","3.646","1.03%"
"Jan 13, 2023","3.609","3.581","3.632","3.558","1.00%"
"Jan 12, 2023","3.574","3.683","3.723","3.549","-2.62%"
"Jan 11, 2023","3.670","3.745","3.748","3.649","-2.04%"
"Jan 10, 2023","3.746","3.667","3.775","3.648","2.62%"
"Jan 09, 2023","3.651","3.687","3.741","3.642","-0.90%"
"Jan 06, 2023","3.684","3.803","3.837","3.671","-2.86%"
"Jan 05, 2023","3.792","3.812","3.876","3.780","-0.38%"
"Jan 04, 2023","3.807","3.859","3.872","3.759","-1.17%"
"Jan 03, 2023","3.852","3.945","3.983","3.829","-3.08%"
"Jan 02, 2023","3.975","3.975","3.975","3.975","0.00%"
"Dec 30, 2022","3.975","3.909","3.990","3.909","1.82%"
"Dec 29, 2022","3.904","3.962","3.982","3.898","-1.79%"
"Dec 28, 2022","3.975","3.931","3.989","3.885","1.04%"
"Dec 27, 2022","3.934","3.820","3.948","3.796","2.93%"
"Dec 26, 2022","3.822","3.822","3.822","3.822","-0.14%"
"Dec 23, 2022","3.827","3.745","3.829","3.741","2.21%"
"Dec 22, 2022","3.744","3.720","3.756","3.694","0.45%"
"Dec 21, 2022","3.727","3.759","3.774","3.692","-0.61%"
"Dec 20, 2022","3.750","3.644","3.767","3.635","3.15%"
"Dec 19, 2022","3.635","3.564","3.658","3.555","2.62%"
"Dec 16, 2022","3.543","3.510","3.595","3.505","1.28%"
"Dec 15, 2022","3.498","3.539","3.567","3.454","-1.06%"
"Dec 14, 2022","3.536","3.535","3.583","3.495","0.00%"
"Dec 13, 2022","3.536","3.574","3.579","3.451","-1.22%"
"Dec 12, 2022","3.579","3.561","3.599","3.489","0.32%"
"Dec 09, 2022","3.568","3.440","3.583","3.406","3.73%"
"Dec 08, 2022","3.440","3.440","3.478","3.414","0.18%"
"Dec 07, 2022","3.433","3.554","3.569","3.412","-3.16%"
"Dec 06, 2022","3.545","3.596","3.617","3.520","-1.22%"
"Dec 05, 2022","3.589","3.575","3.650","3.534","1.16%"
"Dec 02, 2022","3.548","3.608","3.704","3.524","-1.56%"
"Dec 01, 2022","3.604","3.755","3.767","3.599","-3.77%"
"Nov 30, 2022","3.745","3.807","3.847","3.726","-1.48%"
"Nov 29, 2022","3.801","3.738","3.815","3.705","2.10%"
"Nov 28, 2022","3.723","3.755","3.771","3.685","-0.74%"
"Nov 25, 2022","3.751","3.709","3.782","3.701","1.09%"
"Nov 24, 2022","3.711","3.707","3.711","3.707","-0.38%"
"Nov 23, 2022","3.725","3.829","3.845","3.723","-2.76%"
"Nov 22, 2022","3.831","3.915","3.915","3.819","-1.94%"
"Nov 21, 2022","3.907","3.922","3.930","3.860","-0.52%"
"Nov 18, 2022","3.927","3.896","3.934","3.856","1.27%"
"Nov 17, 2022","3.878","3.847","3.936","3.827","0.88%"
"Nov 16, 2022","3.844","3.962","4.019","3.834","-3.02%"
"Nov 15, 2022","3.963","4.054","4.063","3.943","-2.02%"
"Nov 14, 2022","4.045","4.077","4.094","4.026","-0.34%"
"Nov 10, 2022","4.059","4.273","4.293","4.047","-4.98%"
"Nov 09, 2022","4.272","4.276","4.334","4.242","0.00%"
"Nov 08, 2022","4.272","4.326","4.349","4.238","-1.15%"
"Nov 07, 2022","4.321","4.251","4.336","4.204","1.53%"
"Nov 04, 2022","4.256","4.203","4.277","4.174","1.71%"
"Nov 03, 2022","4.184","4.168","4.235","4.139","1.27%"
"Nov 02, 2022","4.132","4.106","4.151","4.056","0.80%"
"Nov 01, 2022","4.099","4.179","4.180","4.054","-1.53%"
"Oct 31, 2022","4.163","4.138","4.231","4.127","0.67%"
"Oct 28, 2022","4.135","4.091","4.170","4.076","1.12%"
"Oct 27, 2022","4.089","4.143","4.208","4.054","-1.35%"
"Oct 26, 2022","4.145","4.251","4.260","4.134","-2.46%"
"Oct 25, 2022","4.250","4.373","4.375","4.217","-3.11%"
"Oct 24, 2022","4.386","4.332","4.425","4.260","1.14%"
"Oct 21, 2022","4.337","4.221","4.384","4.218","2.77%"
"Oct 20, 2022","4.220","4.136","4.235","4.117","2.21%"
"Oct 19, 2022","4.129","4.031","4.147","4.028","2.55%"
"Oct 18, 2022","4.027","4.011","4.098","3.987","0.18%"
"Oct 17, 2022","4.019","3.980","4.030","3.924","0.64%"
"Oct 14, 2022","3.994","3.938","4.001","3.848","1.63%"
"Oct 13, 2022","3.930","3.889","4.013","3.844","1.16%"
"Oct 12, 2022","3.884","3.926","3.958","3.874","-0.87%"
"Oct 11, 2022","3.918","3.938","3.962","3.853","-0.49%"
"Oct 10, 2022","3.937","3.935","3.938","3.935","2.33%"
"Oct 07, 2022","3.848","3.783","3.877","3.776","1.58%"
"Oct 06, 2022","3.788","3.754","3.817","3.732","0.98%"
"Oct 05, 2022","3.751","3.693","3.813","3.684","1.27%"
"Oct 04, 2022","3.704","3.669","3.719","3.634","0.72%"
"Oct 03, 2022","3.677","3.768","3.777","3.638","-2.73%"
"Sep 30, 2022","3.781","3.723","3.787","3.630","1.76%"
"Sep 29, 2022","3.715","3.710","3.796","3.676","0.49%"
"Sep 28, 2022","3.697","3.832","3.905","3.662","-3.38%"
"Sep 27, 2022","3.826","3.729","3.875","3.671","2.13%"
"Sep 26, 2022","3.747","3.648","3.749","3.612","3.80%"
"Sep 23, 2022","3.610","3.646","3.717","3.566","-0.76%"
"Sep 22, 2022","3.638","3.512","3.656","3.471","3.72%"
"Sep 21, 2022","3.507","3.573","3.627","3.481","-1.91%"
"Sep 20, 2022","3.575","3.515","3.615","3.500","1.69%"
"Sep 19, 2022","3.516","3.518","3.571","3.486","-0.10%"
"Sep 16, 2022","3.520","3.465","3.549","3.455","1.43%"
"Sep 15, 2022","3.470","3.456","3.514","3.453","0.29%"
"Sep 14, 2022","3.460","3.492","3.544","3.457","-0.87%"
"Sep 13, 2022","3.490","3.505","3.574","3.454","-0.54%"
"Sep 12, 2022","3.509","3.453","3.532","3.413","1.75%"
"Sep 09, 2022","3.449","3.473","3.492","3.423","-0.79%"
"Sep 08, 2022","3.477","3.418","3.480","3.364","1.80%"
"Sep 07, 2022","3.415","3.497","3.515","3.392","-2.42%"
"Sep 06, 2022","3.500","3.366","3.509","3.354","3.96%"
"Sep 05, 2022","3.367","3.370","3.370","3.364","0.57%"
"Sep 02, 2022","3.348","3.375","3.410","3.334","-0.49%"
"Sep 01, 2022","3.364","3.301","3.412","3.296","1.96%"
"Aug 31, 2022","3.299","3.224","3.300","3.209","2.27%"
"Aug 30, 2022","3.226","3.232","3.264","3.193","-0.65%"
"Aug 29, 2022","3.247","3.216","3.270","3.212","1.84%"
"Aug 26, 2022","3.189","3.250","3.287","3.184","-1.60%"
"Aug 25, 2022","3.241","3.317","3.330","3.228","-2.26%"
"Aug 24, 2022","3.316","3.263","3.330","3.237","1.62%"
"Aug 23, 2022","3.263","3.234","3.287","3.202","0.97%"
"Aug 22, 2022","3.231","3.229","3.268","3.185","0.50%"
"Aug 19, 2022","3.215","3.137","3.236","3.137","2.30%"
"Aug 18, 2022","3.143","3.153","3.160","3.103","-0.39%"
"Aug 17, 2022","3.155","3.103","3.171","3.088","2.12%"
"Aug 16, 2022","3.090","3.098","3.173","3.078","-0.44%"
"Aug 15, 2022","3.104","3.111","3.130","3.053","-0.34%"
"Aug 12, 2022","3.114","3.155","3.175","3.105","-2.12%"
"Aug 11, 2022","3.182","3.043","3.189","3.002","4.75%"
"Aug 10, 2022","3.037","3.002","3.061","2.942","1.39%"
"Aug 09, 2022","2.996","2.983","3.030","2.977","0.68%"
"Aug 08, 2022","2.976","3.074","3.089","2.972","-2.95%"
"Aug 05, 2022","3.066","2.958","3.106","2.957","3.01%"
"Aug 04, 2022","2.977","2.959","2.988","2.927","0.84%"
"Aug 03, 2022","2.952","3.007","3.080","2.938","-1.93%"
"Aug 02, 2022","3.010","2.906","3.039","2.855","3.22%"
"Aug 01, 2022","2.916","3.024","3.056","2.909","-3.20%"
"Jul 29, 2022","3.012","3.023","3.085","2.955","-0.16%"
"Jul 28, 2022","3.017","3.042","3.098","2.970","-1.68%"
"Jul 27, 2022","3.069","3.021","3.081","2.983","1.49%"
"Jul 26, 2022","3.023","3.031","3.033","2.952","-0.19%"
"Jul 25, 2022","3.029","2.998","3.079","2.996","1.80%"
"Jul 22, 2022","2.976","3.045","3.077","2.951","-2.53%"
"Jul 21, 2022","3.053","3.156","3.209","3.041","-3.55%"
"Jul 20, 2022","3.165","3.183","3.189","3.110","-0.56%"
"Jul 19, 2022","3.183","3.157","3.205","3.134","0.61%"
"Jul 18, 2022","3.164","3.090","3.180","3.081","2.36%"
"Jul 15, 2022","3.091","3.106","3.119","3.061","-0.56%"
"Jul 14, 2022","3.108","3.119","3.171","3.081","-0.24%"
"Jul 13, 2022","3.116","3.158","3.231","3.068","-1.38%"
"Jul 12, 2022","3.159","3.173","3.175","3.086","-0.51%"
"Jul 11, 2022","3.175","3.264","3.267","3.152","-2.36%"
"Jul 08, 2022","3.252","3.193","3.278","3.163","2.02%"
"Jul 07, 2022","3.188","3.124","3.206","3.098","1.94%"
"Jul 06, 2022","3.127","3.057","3.142","2.995","2.58%"
"Jul 05, 2022","3.049","3.161","3.198","3.011","-3.55%"
"Jul 04, 2022","3.161","3.159","3.162","3.159","1.45%"
"Jul 01, 2022","3.116","3.195","3.197","3.028","-2.16%"
"Jun 30, 2022","3.184","3.209","3.231","3.119","-0.95%"
"Jun 29, 2022","3.215","3.288","3.303","3.210","-2.10%"
"Jun 28, 2022","3.284","3.324","3.365","3.277","-0.89%"
"Jun 27, 2022","3.314","3.265","3.342","3.254","1.49%"
"Jun 24, 2022","3.265","3.200","3.267","3.167","1.85%"
"Jun 23, 2022","3.206","3.242","3.260","3.147","-1.32%"
"Jun 22, 2022","3.248","3.348","3.352","3.228","-3.00%"
"Jun 21, 2022","3.349","3.345","3.395","3.326","0.11%"
"Jun 20, 2022","3.345","3.349","3.349","3.345","1.92%"
"Jun 17, 2022","3.282","3.268","3.338","3.246","1.20%"
"Jun 16, 2022","3.243","3.333","3.494","3.220","-2.69%"
"Jun 15, 2022","3.333","3.406","3.459","3.322","-2.85%"
"Jun 14, 2022","3.431","3.356","3.447","3.277","2.26%"
"Jun 13, 2022","3.355","3.208","3.417","3.197","4.74%"
"Jun 10, 2022","3.203","3.178","3.238","3.095","1.18%"
"Jun 09, 2022","3.165","3.180","3.210","3.150","-0.35%"
"Jun 08, 2022","3.177","3.137","3.193","3.132","1.45%"
"Jun 07, 2022","3.131","3.197","3.208","3.105","-1.87%"
"Jun 06, 2022","3.191","3.091","3.205","3.088","3.11%"
"Jun 03, 2022","3.095","3.083","3.158","3.069","0.51%"
"Jun 02, 2022","3.079","3.059","3.114","3.047","0.54%"
"Jun 01, 2022","3.062","3.060","3.105","3.030","0.21%"
"May 31, 2022","3.056","3.018","3.103","3.004","1.22%"
"May 30, 2022","3.019","3.022","3.022","3.019","1.60%"
"May 27, 2022","2.971","2.987","3.000","2.940","-0.08%"
"May 26, 2022","2.974","2.969","3.027","2.936","-0.03%"
"May 25, 2022","2.975","2.968","2.992","2.924","0.16%"
"May 24, 2022","2.970","3.056","3.073","2.941","-3.09%"
"May 23, 2022","3.065","3.009","3.080","2.998","2.39%"
"May 20, 2022","2.993","3.058","3.088","2.980","-1.83%"
"May 19, 2022","3.049","3.048","3.105","2.975","-0.69%"
"May 18, 2022","3.070","3.186","3.202","3.052","-3.87%"
"May 17, 2022","3.194","3.104","3.196","3.096","2.92%"
"May 16, 2022","3.103","3.107","3.114","3.043","0.51%"
"May 13, 2022","3.088","3.024","3.100","3.009","2.16%"
"May 12, 2022","3.023","3.042","3.056","2.956","-0.73%"
"May 11, 2022","3.045","3.123","3.215","3.016","-2.62%"
"May 10, 2022","3.127","3.155","3.188","3.062","-0.93%"
"May 09, 2022","3.156","3.242","3.309","3.149","-2.52%"
"May 06, 2022","3.238","3.136","3.247","3.121","3.80%"
"May 05, 2022","3.119","3.052","3.208","3.010","2.61%"
"May 04, 2022","3.040","3.009","3.054","2.979","0.74%"
"May 03, 2022","3.018","3.034","3.055","2.968","-0.38%"
"May 02, 2022","3.029","3.000","3.074","2.977","1.09%"
"Apr 29, 2022","2.996","2.966","3.006","2.904","3.24%"
"Apr 28, 2022","2.902","2.920","2.972","2.891","-0.38%"
"Apr 27, 2022","2.913","2.840","2.925","2.822","2.77%"
"Apr 26, 2022","2.835","2.891","2.923","2.823","-1.77%"
"Apr 25, 2022","2.886","2.938","2.943","2.857","-2.19%"
"Apr 22, 2022","2.951","2.937","2.973","2.888","0.80%"
"Apr 21, 2022","2.927","2.880","2.987","2.878","1.85%"
"Apr 20, 2022","2.874","3.013","3.032","2.864","-3.99%"
"Apr 19, 2022","2.993","2.939","3.018","2.929","1.60%"
"Apr 18, 2022","2.946","2.940","2.969","2.903","0.92%"
"Apr 14, 2022","2.919","2.809","2.929","2.774","3.81%"
"Apr 13, 2022","2.812","2.823","2.871","2.763","0.21%"
"Apr 12, 2022","2.806","2.833","2.860","2.761","0.03%"
"Apr 11, 2022","2.805","2.738","2.838","2.726","3.10%"
"Apr 08, 2022","2.721","2.672","2.760","2.648","1.31%"
"Apr 07, 2022","2.685","2.622","2.719","2.591","2.39%"
"Apr 06, 2022","2.623","2.593","2.680","2.591","1.56%"
"Apr 05, 2022","2.582","2.464","2.599","2.457","5.15%"
"Apr 04, 2022","2.456","2.445","2.504","2.438","0.87%"
"Apr 01, 2022","2.435","2.460","2.545","2.415","-0.74%"
"Mar 31, 2022","2.453","2.475","2.494","2.433","-1.11%"
"Mar 30, 2022","2.480","2.513","2.544","2.452","-0.89%"
"Mar 29, 2022","2.503","2.530","2.604","2.481","-1.86%"
"Mar 28, 2022","2.550","2.589","2.645","2.520","-1.99%"
"Mar 25, 2022","2.602","2.538","2.644","2.497","2.76%"
"Mar 24, 2022","2.532","2.497","2.578","2.496","2.09%"
"Mar 23, 2022","2.480","2.610","2.642","2.464","-4.73%"
"Mar 22, 2022","2.603","2.521","2.618","2.521","3.29%"
"Mar 21, 2022","2.520","2.425","2.556","2.425","4.11%"
"Mar 18, 2022","2.421","2.457","2.487","2.404","-1.63%"
"Mar 17, 2022","2.461","2.459","2.503","2.361","-0.09%"
"Mar 16, 2022","2.463","2.486","2.540","2.427","-0.83%"
"Mar 15, 2022","2.484","2.473","2.505","2.426","0.12%"
"Mar 14, 2022","2.481","2.379","2.485","2.372","5.41%"
"Mar 11, 2022","2.354","2.372","2.397","2.337","-0.81%"
"Mar 10, 2022","2.373","2.331","2.420","2.289","1.81%"
"Mar 09, 2022","2.331","2.239","2.340","2.221","5.03%"
"Mar 08, 2022","2.219","2.182","2.259","2.162","1.63%"
"Mar 07, 2022","2.184","2.123","2.212","2.109","1.01%"
"Mar 04, 2022","2.162","2.234","2.234","2.116","-2.87%"
"Mar 03, 2022","2.226","2.232","2.268","2.203","-1.24%"
"Mar 02, 2022","2.254","2.133","2.289","2.096","6.87%"
"Mar 01, 2022","2.109","2.176","2.204","2.069","-2.33%"
"Feb 28, 2022","2.159","2.218","2.254","2.149","-5.50%"
"Feb 25, 2022","2.285","2.290","2.321","2.245","0.10%"
"Feb 24, 2022","2.283","2.278","2.304","2.161","-0.86%"
"Feb 23, 2022","2.302","2.243","2.306","2.241","2.68%"
"Feb 22, 2022","2.242","2.209","2.271","2.177","1.49%"
"Feb 21, 2022","2.209","2.200","2.209","2.200","-1.47%"
"Feb 18, 2022","2.242","2.292","2.324","2.231","-2.39%"
"Feb 17, 2022","2.297","2.339","2.351","2.267","-1.94%"
"Feb 16, 2022","2.342","2.356","2.388","2.317","-0.81%"
"Feb 15, 2022","2.362","2.280","2.373","2.270","3.34%"
"Feb 14, 2022","2.285","2.281","2.330","2.208","2.29%"
"Feb 11, 2022","2.234","2.299","2.353","2.232","-3.84%"
"Feb 10, 2022","2.323","2.247","2.351","2.221","3.21%"
"Feb 09, 2022","2.251","2.250","2.259","2.210","-0.40%"
"Feb 08, 2022","2.260","2.221","2.271","2.221","1.88%"
"Feb 07, 2022","2.218","2.206","2.246","2.192","0.24%"
"Feb 04, 2022","2.213","2.155","2.237","2.121","2.64%"
"Feb 03, 2022","2.156","2.092","2.184","2.091","2.38%"
"Feb 02, 2022","2.106","2.122","2.135","2.061","-0.52%"
"Feb 01, 2022","2.117","2.116","2.152","2.068","0.07%"
"Jan 31, 2022","2.116","2.093","2.127","2.075","1.69%"
"Jan 28, 2022","2.080","2.097","2.144","2.074","-0.52%"
"Jan 27, 2022","2.091","2.153","2.168","2.074","-3.83%"
"Jan 26, 2022","2.175","2.124","2.187","2.108","2.62%"
"Jan 25, 2022","2.119","2.111","2.141","2.066","0.14%"
"Jan 24, 2022","2.116","2.087","2.121","2.033","1.51%"
"Jan 21, 2022","2.085","2.113","2.118","2.051","-1.82%"
"Jan 20, 2022","2.124","2.169","2.175","2.118","-2.24%"
"Jan 19, 2022","2.172","2.189","2.216","2.137","-0.79%"
"Jan 18, 2022","2.189","2.137","2.201","2.119","2.43%"
"Jan 17, 2022","2.137","2.139","2.140","2.137","0.48%"
"Jan 14, 2022","2.127","2.057","2.131","2.046","4.24%"
"Jan 13, 2022","2.041","2.092","2.102","2.029","-2.59%"
"Jan 12, 2022","2.095","2.072","2.100","2.046","0.91%"
"Jan 11, 2022","2.076","2.098","2.103","2.064","-0.56%"
"Jan 10, 2022","2.088","2.117","2.151","2.082","-1.38%"
"Jan 07, 2022","2.117","2.079","2.145","2.069","1.58%"
"Jan 06, 2022","2.084","2.093","2.138","2.075","-0.42%"
"Jan 05, 2022","2.092","2.069","2.106","2.041","1.65%"
"Jan 04, 2022","2.059","2.013","2.103","2.009","1.34%"
"Jan 03, 2022","2.031","1.903","2.045","1.902","6.61%"
"Dec 31, 2021","1.905","1.921","1.937","1.882","-0.46%"
"Dec 30, 2021","1.914","1.961","1.969","1.911","-2.66%"
"Dec 29, 2021","1.967","1.897","1.971","1.889","3.29%"
"Dec 28, 2021","1.904","1.884","1.915","1.853","1.17%"
"Dec 27, 2021","1.882","1.895","1.902","1.878","-1.23%"
"Dec 23, 2021","1.905","1.855","1.915","1.848","2.89%"
"Dec 22, 2021","1.852","1.859","1.891","1.849","-1.03%"
"Dec 21, 2021","1.871","1.851","1.927","1.841","0.81%"
"Dec 20, 2021","1.856","1.786","1.858","1.760","2.54%"
"Dec 17, 2021","1.810","1.863","1.868","1.806","-3.05%"
"Dec 16, 2021","1.867","1.859","1.905","1.845","0.48%"
"Dec 15, 2021","1.858","1.827","1.875","1.813","1.71%"
"Dec 14, 2021","1.827","1.813","1.870","1.802","1.53%"
"Dec 13, 2021","1.799","1.889","1.904","1.797","-4.39%"
"Dec 10, 2021","1.882","1.878","1.890","1.838","0.36%"
"Dec 09, 2021","1.875","1.896","1.904","1.844","-0.98%"
"Dec 08, 2021","1.893","1.801","1.904","1.755","4.66%"
"Dec 07, 2021","1.809","1.762","1.814","1.750","2.23%"
"Dec 06, 2021","1.770","1.701","1.775","1.691","5.07%"
"Dec 03, 2021","1.684","1.752","1.794","1.667","-4.62%"
"Dec 02, 2021","1.766","1.754","1.788","1.737","1.22%"
"Dec 01, 2021","1.745","1.819","1.846","1.740","-3.21%"
"Nov 30, 2021","1.803","1.865","1.876","1.776","-2.88%"
"Nov 29, 2021","1.856","1.867","1.911","1.850","1.56%"
"Nov 26, 2021","1.827","1.934","1.938","1.823","-5.49%"
"Nov 25, 2021","1.934","1.931","1.939","1.931","-1.74%"
"Nov 24, 2021","1.968","2.024","2.036","1.957","-3.10%"
"Nov 23, 2021","2.031","1.978","2.042","1.960","2.91%"
"Nov 22, 2021","1.973","1.922","1.988","1.902","3.24%"
"Nov 19, 2021","1.911","1.971","1.995","1.901","-3.14%"
"Nov 18, 2021","1.973","1.985","1.999","1.962","0.28%"
"Nov 17, 2021","1.968","2.031","2.049","1.965","-3.20%"
"Nov 16, 2021","2.033","2.003","2.036","1.971","1.81%"
"Nov 15, 2021","1.997","1.945","2.023","1.915","3.04%"
"Nov 12, 2021","1.938","1.917","2.002","1.894","1.20%"
"Nov 11, 2021","1.915","1.923","1.923","1.915","-0.50%"
"Nov 10, 2021","1.924","1.831","1.988","1.818","5.60%"
"Nov 09, 2021","1.822","1.887","1.887","1.795","-3.56%"
"Nov 08, 2021","1.890","1.898","1.918","1.882","0.11%"
"Nov 05, 2021","1.888","1.980","1.987","1.872","-3.94%"
"Nov 04, 2021","1.965","2.010","2.036","1.949","-2.93%"
"Nov 03, 2021","2.024","1.987","2.032","1.924","3.38%"
"Nov 02, 2021","1.958","1.974","1.984","1.937","-0.14%"
"Nov 01, 2021","1.961","1.952","1.997","1.925","1.13%"
"Oct 29, 2021","1.939","1.973","2.026","1.923","-2.02%"
"Oct 28, 2021","1.979","1.946","1.984","1.924","0.99%"
"Oct 27, 2021","1.960","2.047","2.062","1.932","-3.88%"
"Oct 26, 2021","2.039","2.089","2.096","2.039","-2.11%"
"Oct 25, 2021","2.083","2.085","2.122","2.072","0.55%"
"Oct 22, 2021","2.071","2.137","2.147","2.067","-3.39%"
"Oct 21, 2021","2.144","2.144","2.160","2.105","0.34%"
"Oct 20, 2021","2.136","2.103","2.138","2.078","2.21%"
"Oct 19, 2021","2.090","2.025","2.095","2.009","3.22%"
"Oct 18, 2021","2.025","2.060","2.080","2.009","-1.00%"
"Oct 15, 2021","2.046","2.023","2.068","2.021","1.26%"
"Oct 14, 2021","2.020","2.040","2.076","2.013","-0.66%"
"Oct 13, 2021","2.034","2.087","2.107","2.028","-2.68%"
"Oct 12, 2021","2.090","2.173","2.177","2.082","-3.82%"
"Oct 11, 2021","2.173","2.168","2.173","2.168","0.34%"
"Oct 08, 2021","2.165","2.136","2.177","2.123","1.74%"
"Oct 07, 2021","2.128","2.085","2.138","2.064","2.20%"
"Oct 06, 2021","2.082","2.106","2.149","2.059","-0.75%"
"Oct 05, 2021","2.098","2.048","2.108","2.033","2.61%"
"Oct 04, 2021","2.045","2.033","2.082","2.024","0.59%"
"Oct 01, 2021","2.033","2.063","2.078","2.030","-0.82%"
"Sep 30, 2021","2.050","2.053","2.103","2.043","-0.92%"
"Sep 29, 2021","2.069","2.095","2.110","2.039","-1.29%"
"Sep 28, 2021","2.096","1.994","2.103","1.988","4.73%"
"Sep 27, 2021","2.001","1.998","2.045","1.972","0.84%"
"Sep 24, 2021","1.985","1.940","1.993","1.914","1.99%"
"Sep 23, 2021","1.946","1.813","1.948","1.813","7.37%"
"Sep 22, 2021","1.813","1.849","1.876","1.809","-2.54%"
"Sep 21, 2021","1.860","1.848","1.881","1.846","0.62%"
"Sep 20, 2021","1.848","1.903","1.911","1.834","-2.87%"
"Sep 17, 2021","1.903","1.881","1.925","1.869","1.19%"
"Sep 16, 2021","1.881","1.865","1.899","1.857","0.90%"
"Sep 15, 2021","1.864","1.863","1.885","1.822","0.29%"
"Sep 14, 2021","1.859","1.904","1.945","1.831","-2.48%"
"Sep 13, 2021","1.906","1.934","1.940","1.900","-1.48%"
"Sep 10, 2021","1.934","1.902","1.946","1.898","2.19%"
"Sep 09, 2021","1.893","1.954","1.960","1.885","-3.18%"
"Sep 08, 2021","1.955","1.983","1.991","1.944","-1.91%"
"Sep 07, 2021","1.993","1.953","1.999","1.951","2.08%"
"Sep 06, 2021","1.952","1.952","1.952","1.952","0.32%"
"Sep 03, 2021","1.946","1.901","1.954","1.889","2.51%"
"Sep 02, 2021","1.898","1.921","1.924","1.896","-0.85%"
"Sep 01, 2021","1.915","1.936","1.949","1.904","-0.67%"
"Aug 31, 2021","1.928","1.896","1.939","1.883","1.72%"
"Aug 30, 2021","1.895","1.917","1.930","1.890","-1.34%"
"Aug 27, 2021","1.921","1.945","1.945","1.903","-1.48%"
"Aug 26, 2021","1.950","1.953","1.977","1.934","-0.35%"
"Aug 25, 2021","1.956","1.915","1.969","1.904","2.18%"
"Aug 24, 2021","1.915","1.876","1.919","1.876","2.16%"
"Aug 23, 2021","1.874","1.875","1.897","1.869","0.18%"
"Aug 20, 2021","1.871","1.871","1.882","1.853","-0.15%"
"Aug 19, 2021","1.874","1.905","1.907","1.852","-1.42%"
"Aug 18, 2021","1.901","1.919","1.941","1.898","-1.31%"
"Aug 17, 2021","1.926","1.926","1.937","1.883","-0.24%"
"Aug 16, 2021","1.930","1.936","1.942","1.886","-0.14%"
"Aug 13, 2021","1.933","2.013","2.017","1.930","-3.48%"
"Aug 12, 2021","2.003","1.997","2.035","1.988","0.07%"
"Aug 11, 2021","2.001","2.007","2.037","1.970","0.00%"
"Aug 10, 2021","2.001","1.970","2.003","1.953","1.58%"
"Aug 09, 2021","1.970","1.948","1.974","1.921","0.91%"
"Aug 06, 2021","1.953","1.864","1.955","1.862","4.76%"
"Aug 05, 2021","1.864","1.845","1.871","1.821","1.64%"
"Aug 04, 2021","1.834","1.845","1.879","1.810","-0.59%"
"Aug 03, 2021","1.845","1.855","1.873","1.829","-0.24%"
"Aug 02, 2021","1.849","1.908","1.921","1.830","-2.41%"
"Jul 30, 2021","1.895","1.914","1.915","1.885","-1.22%"
"Jul 29, 2021","1.918","1.890","1.933","1.882","1.68%"
"Jul 28, 2021","1.887","1.896","1.933","1.881","-0.34%"
"Jul 27, 2021","1.893","1.942","1.943","1.884","-2.77%"
"Jul 26, 2021","1.947","1.923","1.948","1.856","1.25%"
"Jul 23, 2021","1.923","1.918","1.971","1.910","0.54%"
"Jul 22, 2021","1.913","1.981","1.981","1.880","-1.41%"
"Jul 21, 2021","1.940","1.883","1.967","1.853","3.35%"
"Jul 20, 2021","1.877","1.837","1.883","1.780","2.62%"
"Jul 19, 2021","1.829","1.899","1.918","1.803","-5.11%"
"Jul 16, 2021","1.928","1.923","1.966","1.920","0.10%"
"Jul 15, 2021","1.926","1.974","1.974","1.917","-2.43%"
"Jul 14, 2021","1.974","2.042","2.051","1.971","-3.67%"
"Jul 13, 2021","2.049","1.996","2.056","1.957","2.48%"
"Jul 12, 2021","2.000","1.993","2.002","1.952","0.50%"
"Jul 09, 2021","1.990","1.938","1.992","1.934","3.34%"
"Jul 08, 2021","1.925","1.939","1.939","1.856","-0.88%"
"Jul 07, 2021","1.942","1.984","1.994","1.918","-1.99%"
"Jul 06, 2021","1.982","2.059","2.071","1.972","-3.76%"
"Jul 05, 2021","2.059","2.059","2.059","2.059","0.69%"
"Jul 02, 2021","2.045","2.067","2.086","2.032","-0.95%"
"Jul 01, 2021","2.065","2.091","2.106","2.063","-1.13%"
"Jun 30, 2021","2.088","2.088","2.096","2.047","0.03%"
"Jun 29, 2021","2.088","2.101","2.131","2.084","-0.61%"
"Jun 28, 2021","2.101","2.157","2.164","2.087","-2.33%"
"Jun 25, 2021","2.151","2.102","2.177","2.082","2.12%"
"Jun 24, 2021","2.106","2.108","2.134","2.085","0.06%"
"Jun 23, 2021","2.105","2.093","2.128","2.086","0.68%"
"Jun 22, 2021","2.091","2.116","2.149","2.080","-1.39%"
"Jun 21, 2021","2.120","2.016","2.123","1.929","5.12%"
"Jun 18, 2021","2.017","2.105","2.117","2.004","-3.88%"
"Jun 17, 2021","2.098","2.210","2.220","2.049","-5.09%"
"Jun 16, 2021","2.211","2.194","2.223","2.171","1.18%"
"Jun 15, 2021","2.185","2.183","2.214","2.170","0.03%"
"Jun 14, 2021","2.184","2.151","2.194","2.143","1.97%"
"Jun 11, 2021","2.142","2.136","2.163","2.122","0.55%"
"Jun 10, 2021","2.130","2.168","2.211","2.128","-1.84%"
"Jun 09, 2021","2.170","2.215","2.218","2.150","-2.23%"
"Jun 08, 2021","2.220","2.245","2.247","2.195","-1.19%"
"Jun 07, 2021","2.247","2.247","2.263","2.241","0.66%"
"Jun 04, 2021","2.232","2.300","2.321","2.230","-2.82%"
"Jun 03, 2021","2.297","2.272","2.308","2.268","1.07%"
"Jun 02, 2021","2.272","2.295","2.305","2.270","-0.63%"
"Jun 01, 2021","2.287","2.291","2.330","2.285","-0.19%"
"May 31, 2021","2.291","2.290","2.291","2.290","1.23%"
"May 28, 2021","2.263","2.287","2.300","2.258","-0.75%"
"May 27, 2021","2.280","2.262","2.307","2.255","0.85%"
"May 26, 2021","2.261","2.255","2.275","2.237","0.38%"
"May 25, 2021","2.253","2.305","2.305","2.248","-2.08%"
"May 24, 2021","2.300","2.320","2.326","2.287","-0.74%"
"May 21, 2021","2.318","2.341","2.347","2.317","-0.68%"
"May 20, 2021","2.333","2.374","2.382","2.328","-1.75%"
"May 19, 2021","2.375","2.364","2.400","2.336","0.56%"
"May 18, 2021","2.362","2.363","2.382","2.344","-0.13%"
"May 17, 2021","2.365","2.349","2.371","2.323","0.78%"
"May 14, 2021","2.347","2.387","2.395","2.341","-2.30%"
"May 13, 2021","2.402","2.417","2.420","2.378","-0.53%"
"May 12, 2021","2.414","2.358","2.424","2.327","2.89%"
"May 11, 2021","2.347","2.324","2.364","2.306","0.87%"
"May 10, 2021","2.326","2.289","2.332","2.272","1.99%"
"May 07, 2021","2.281","2.241","2.285","2.158","1.78%"
"May 06, 2021","2.241","2.255","2.271","2.233","-0.17%"
"May 05, 2021","2.245","2.262","2.296","2.241","-0.77%"
"May 04, 2021","2.262","2.288","2.302","2.236","-0.94%"
"May 03, 2021","2.284","2.298","2.326","2.253","-0.63%"
"Apr 30, 2021","2.298","2.310","2.321","2.292","-0.26%"
"Apr 29, 2021","2.304","2.295","2.353","2.295","0.61%"
"Apr 28, 2021","2.290","2.294","2.322","2.283","-0.30%"
"Apr 27, 2021","2.297","2.248","2.305","2.243","2.35%"
"Apr 26, 2021","2.244","2.241","2.274","2.226","0.41%"
"Apr 23, 2021","2.235","2.231","2.264","2.217","0.58%"
"Apr 22, 2021","2.223","2.250","2.274","2.220","-1.44%"
"Apr 21, 2021","2.255","2.263","2.283","2.249","-0.24%"
"Apr 20, 2021","2.260","2.289","2.327","2.253","-1.56%"
"Apr 19, 2021","2.296","2.265","2.302","2.237","0.68%"
"Apr 16, 2021","2.281","2.260","2.289","2.234","0.71%"
"Apr 15, 2021","2.265","2.321","2.325","2.207","-2.22%"
"Apr 14, 2021","2.316","2.296","2.334","2.292","0.74%"
"Apr 13, 2021","2.299","2.343","2.365","2.295","-1.66%"
"Apr 12, 2021","2.338","2.343","2.353","2.311","0.07%"
"Apr 09, 2021","2.336","2.321","2.362","2.304","0.87%"
"Apr 08, 2021","2.316","2.356","2.362","2.305","-2.07%"
"Apr 07, 2021","2.365","2.328","2.366","2.295","1.75%"
"Apr 06, 2021","2.325","2.344","2.365","2.311","-1.06%"
"Apr 05, 2021","2.349","2.344","2.392","2.339","0.66%"
"Apr 02, 2021","2.334","2.335","2.391","2.318","0.00%"
"Apr 01, 2021","2.334","2.410","2.426","2.327","-3.37%"
"Mar 31, 2021","2.415","2.376","2.430","2.367","2.00%"
"Mar 30, 2021","2.368","2.415","2.463","2.368","-2.02%"
"Mar 29, 2021","2.417","2.378","2.434","2.336","1.59%"
"Mar 26, 2021","2.379","2.348","2.400","2.341","1.11%"
"Mar 25, 2021","2.353","2.310","2.361","2.293","1.64%"
"Mar 24, 2021","2.315","2.318","2.354","2.292","-0.63%"
"Mar 23, 2021","2.329","2.385","2.406","2.324","-2.87%"
"Mar 22, 2021","2.398","2.419","2.421","2.372","-1.60%"
"Mar 19, 2021","2.437","2.457","2.475","2.395","-0.61%"
"Mar 18, 2021","2.452","2.434","2.518","2.409","1.35%"
"Mar 17, 2021","2.420","2.381","2.464","2.371","1.73%"
"Mar 16, 2021","2.378","2.357","2.400","2.343","0.83%"
"Mar 15, 2021","2.359","2.399","2.399","2.346","-0.82%"
"Mar 12, 2021","2.378","2.295","2.404","2.286","3.66%"
"Mar 11, 2021","2.295","2.246","2.304","2.212","2.25%"
"Mar 10, 2021","2.244","2.238","2.282","2.231","0.37%"
"Mar 09, 2021","2.236","2.314","2.319","2.235","-3.94%"
"Mar 08, 2021","2.328","2.322","2.334","2.279","0.80%"
"Mar 05, 2021","2.309","2.319","2.352","2.266","-0.46%"
"Mar 04, 2021","2.320","2.270","2.324","2.231","1.96%"
"Mar 03, 2021","2.275","2.208","2.285","2.205","3.47%"
"Mar 02, 2021","2.199","2.197","2.241","2.173","0.00%"
"Mar 01, 2021","2.199","2.147","2.236","2.138","2.07%"
"Feb 26, 2021","2.154","2.299","2.331","2.108","-6.25%"
"Feb 25, 2021","2.298","2.237","2.401","2.229","3.28%"
"Feb 24, 2021","2.225","2.184","2.293","2.168","2.13%"
"Feb 23, 2021","2.179","2.178","2.217","2.162","-0.03%"
"Feb 22, 2021","2.179","2.154","2.196","2.120","2.08%"
"Feb 19, 2021","2.135","2.078","2.155","2.064","2.41%"
"Feb 18, 2021","2.085","2.039","2.101","2.026","1.94%"
"Feb 17, 2021","2.045","2.106","2.112","2.031","-2.04%"
"Feb 16, 2021","2.088","2.040","2.095","2.019","2.37%"
"Feb 15, 2021","2.039","2.040","2.040","2.038","1.38%"
"Feb 12, 2021","2.011","1.947","2.014","1.930","2.96%"
"Feb 11, 2021","1.954","1.914","1.957","1.898","2.31%"
"Feb 10, 2021","1.910","1.954","1.967","1.908","-2.18%"
"Feb 09, 2021","1.952","1.949","1.956","1.918","-0.41%"
"Feb 08, 2021","1.960","1.983","2.006","1.933","-0.84%"
"Feb 05, 2021","1.977","1.937","1.986","1.922","2.33%"
"Feb 04, 2021","1.932","1.927","1.951","1.916","0.26%"
"Feb 03, 2021","1.927","1.884","1.930","1.877","3.22%"
"Feb 02, 2021","1.867","1.860","1.894","1.849","0.73%"
"Feb 01, 2021","1.853","1.840","1.860","1.826","0.96%"
"Jan 29, 2021","1.835","1.809","1.870","1.796","1.20%"
"Jan 28, 2021","1.814","1.780","1.837","1.755","2.39%"
"Jan 27, 2021","1.771","1.800","1.813","1.761","-1.04%"
"Jan 26, 2021","1.790","1.803","1.816","1.786","-0.35%"
"Jan 25, 2021","1.796","1.861","1.865","1.789","-2.73%"
"Jan 22, 2021","1.847","1.874","1.883","1.835","-1.39%"
"Jan 21, 2021","1.873","1.835","1.881","1.824","2.59%"
"Jan 20, 2021","1.825","1.847","1.854","1.822","-0.77%"
"Jan 19, 2021","1.839","1.854","1.874","1.832","-0.80%"
"Jan 18, 2021","1.854","1.851","1.854","1.851","0.80%"
"Jan 15, 2021","1.839","1.868","1.870","1.833","-1.77%"
"Jan 14, 2021","1.873","1.819","1.888","1.806","2.67%"
"Jan 13, 2021","1.824","1.860","1.877","1.807","-2.67%"
"Jan 12, 2021","1.874","1.883","1.915","1.872","-0.45%"
"Jan 11, 2021","1.883","1.876","1.898","1.850","0.38%"
"Jan 08, 2021","1.875","1.854","1.893","1.832","0.88%"
"Jan 07, 2021","1.859","1.815","1.872","1.806","2.59%"
"Jan 06, 2021","1.812","1.700","1.837","1.692","6.34%"
"Jan 05, 2021","1.704","1.666","1.722","1.662","2.55%"
"Jan 04, 2021","1.662","1.662","1.691","1.638","0.94%"
"Dec 31, 2020","1.646","1.660","1.709","1.640","-0.81%"
"Dec 30, 2020","1.660","1.672","1.703","1.656","-1.16%"
"Dec 29, 2020","1.679","1.673","1.699","1.666","1.21%"
"Dec 28, 2020","1.659","1.678","1.715","1.659","-0.20%"
"Dec 24, 2020","1.662","1.692","1.699","1.658","-1.35%"
"Dec 23, 2020","1.685","1.651","1.727","1.631","1.90%"
"Dec 22, 2020","1.654","1.674","1.679","1.648","-1.47%"
"Dec 21, 2020","1.678","1.688","1.694","1.620","-0.68%"
"Dec 18, 2020","1.690","1.677","1.702","1.656","0.52%"
"Dec 17, 2020","1.681","1.660","1.692","1.626","1.45%"
"Dec 16, 2020","1.657","1.654","1.707","1.647","0.21%"
"Dec 15, 2020","1.653","1.632","1.669","1.616","1.26%"
"Dec 14, 2020","1.633","1.644","1.682","1.624","0.33%"
"Dec 11, 2020","1.628","1.632","1.645","1.600","0.00%"
"Dec 10, 2020","1.628","1.674","1.686","1.626","-3.56%"
"Dec 09, 2020","1.688","1.680","1.711","1.668","1.25%"
"Dec 08, 2020","1.667","1.686","1.700","1.643","-1.15%"
"Dec 07, 2020","1.686","1.744","1.744","1.681","-3.15%"
"Dec 04, 2020","1.741","1.658","1.750","1.646","5.13%"
"Dec 03, 2020","1.656","1.689","1.702","1.648","-1.98%"
"Dec 02, 2020","1.690","1.665","1.724","1.649","1.13%"
"Dec 01, 2020","1.671","1.574","1.684","1.562","6.48%"
"Nov 30, 2020","1.569","1.581","1.595","1.562","-0.42%"
"Nov 27, 2020","1.576","1.603","1.609","1.571","-1.72%"
"Nov 26, 2020","1.603","1.605","1.605","1.603","-1.46%"
"Nov 25, 2020","1.627","1.612","1.634","1.584","0.90%"
"Nov 24, 2020","1.612","1.578","1.612","1.556","3.57%"
"Nov 23, 2020","1.557","1.532","1.569","1.527","2.68%"
"Nov 20, 2020","1.516","1.530","1.565","1.516","-2.70%"
"Nov 19, 2020","1.558","1.595","1.599","1.546","-2.69%"
"Nov 18, 2020","1.601","1.612","1.636","1.574","-0.61%"
"Nov 17, 2020","1.611","1.659","1.677","1.607","-3.42%"
"Nov 16, 2020","1.668","1.653","1.690","1.619","1.26%"
"Nov 13, 2020","1.648","1.638","1.656","1.612","0.42%"
"Nov 12, 2020","1.641","1.724","1.735","1.639","-4.98%"
"Nov 11, 2020","1.727","1.727","1.727","1.727","-1.14%"
"Nov 10, 2020","1.747","1.719","1.760","1.677","2.03%"
"Nov 09, 2020","1.712","1.612","1.767","1.571","6.93%"
"Nov 06, 2020","1.601","1.522","1.619","1.517","4.92%"
"Nov 05, 2020","1.526","1.530","1.567","1.481","-1.30%"
"Nov 04, 2020","1.546","1.714","1.757","1.506","-7.76%"
"Nov 03, 2020","1.676","1.635","1.687","1.632","3.29%"
"Nov 02, 2020","1.622","1.637","1.672","1.607","-2.16%"
"Oct 30, 2020","1.658","1.614","1.667","1.582","3.04%"
"Oct 29, 2020","1.609","1.567","1.634","1.550","3.18%"
"Oct 28, 2020","1.560","1.549","1.575","1.528","0.35%"
"Oct 27, 2020","1.554","1.586","1.605","1.552","-2.34%"
"Oct 26, 2020","1.592","1.624","1.630","1.578","-3.01%"
"Oct 23, 2020","1.641","1.677","1.690","1.637","-2.35%"
"Oct 22, 2020","1.681","1.623","1.687","1.607","2.89%"
"Oct 21, 2020","1.633","1.606","1.653","1.596","2.54%"
"Oct 20, 2020","1.593","1.560","1.609","1.551","2.00%"
"Oct 19, 2020","1.562","1.546","1.574","1.540","1.75%"
"Oct 16, 2020","1.535","1.514","1.548","1.496","1.06%"
"Oct 15, 2020","1.519","1.507","1.520","1.457","0.58%"
"Oct 14, 2020","1.510","1.516","1.522","1.483","-0.18%"
"Oct 13, 2020","1.513","1.555","1.562","1.507","-2.75%"
"Oct 12, 2020","1.556","1.556","1.556","1.556","-1.37%"
"Oct 09, 2020","1.577","1.574","1.609","1.561","-0.25%"
"Oct 08, 2020","1.581","1.580","1.593","1.559","0.00%"
"Oct 07, 2020","1.581","1.541","1.606","1.536","3.25%"
"Oct 06, 2020","1.531","1.586","1.610","1.523","-3.36%"
"Oct 05, 2020","1.584","1.503","1.593","1.492","6.20%"
"Oct 02, 2020","1.492","1.459","1.495","1.425","2.53%"
"Oct 01, 2020","1.455","1.462","1.497","1.445","0.05%"
"Sep 30, 2020","1.454","1.419","1.487","1.412","2.66%"
"Sep 29, 2020","1.417","1.419","1.425","1.399","-0.13%"
"Sep 28, 2020","1.419","1.402","1.426","1.400","1.20%"
"Sep 25, 2020","1.402","1.412","1.421","1.389","-0.32%"
"Sep 24, 2020","1.406","1.417","1.426","1.397","-1.19%"
"Sep 23, 2020","1.423","1.427","1.449","1.403","0.18%"
"Sep 22, 2020","1.421","1.416","1.436","1.406","0.18%"
"Sep 21, 2020","1.418","1.456","1.456","1.390","-2.54%"
"Sep 18, 2020","1.455","1.438","1.456","1.411","1.04%"
"Sep 17, 2020","1.440","1.452","1.454","1.393","-1.52%"
"Sep 16, 2020","1.462","1.426","1.466","1.405","1.95%"
"Sep 15, 2020","1.434","1.414","1.439","1.405","1.38%"
"Sep 14, 2020","1.415","1.421","1.428","1.398","0.09%"
"Sep 11, 2020","1.413","1.421","1.445","1.412","-0.55%"
"Sep 10, 2020","1.421","1.457","1.493","1.416","-2.24%"
"Sep 09, 2020","1.454","1.406","1.465","1.394","1.96%"
"Sep 08, 2020","1.426","1.478","1.480","1.385","-3.53%"
"Sep 07, 2020","1.478","1.478","1.478","1.478","0.31%"
"Sep 04, 2020","1.473","1.352","1.477","1.348","8.26%"
"Sep 03, 2020","1.361","1.374","1.403","1.320","-1.15%"
"Sep 02, 2020","1.377","1.430","1.447","1.372","-3.29%"
"Sep 01, 2020","1.424","1.482","1.516","1.419","-3.54%"
"Aug 31, 2020","1.476","1.504","1.538","1.451","-1.97%"
"Aug 28, 2020","1.506","1.528","1.577","1.482","-0.30%"
"Aug 27, 2020","1.510","1.408","1.516","1.363","7.24%"
"Aug 26, 2020","1.408","1.393","1.437","1.393","0.74%"
"Aug 25, 2020","1.398","1.358","1.422","1.356","3.10%"
"Aug 24, 2020","1.356","1.341","1.361","1.326","0.52%"
"Aug 21, 2020","1.349","1.380","1.397","1.341","-2.71%"
"Aug 20, 2020","1.387","1.413","1.419","1.367","-2.71%"
"Aug 19, 2020","1.425","1.392","1.438","1.362","1.79%"
"Aug 18, 2020","1.400","1.428","1.431","1.391","-2.51%"
"Aug 17, 2020","1.436","1.452","1.452","1.407","-0.54%"
"Aug 14, 2020","1.444","1.425","1.450","1.398","1.37%"
"Aug 13, 2020","1.424","1.361","1.444","1.324","4.08%"
"Aug 12, 2020","1.369","1.322","1.384","1.312","2.82%"
"Aug 11, 2020","1.331","1.247","1.354","1.245","5.95%"
"Aug 10, 2020","1.256","1.250","1.256","1.217","1.78%"
"Aug 07, 2020","1.234","1.197","1.243","1.173","2.76%"
"Aug 06, 2020","1.201","1.223","1.235","1.165","-1.98%"
"Aug 05, 2020","1.225","1.188","1.241","1.184","3.09%"
"Aug 04, 2020","1.189","1.234","1.244","1.181","-3.29%"
"Aug 03, 2020","1.229","1.199","1.258","1.198","2.82%"
"Jul 31, 2020","1.196","1.202","1.232","1.176","-0.72%"
"Jul 30, 2020","1.204","1.237","1.243","1.190","-2.87%"
"Jul 29, 2020","1.240","1.219","1.258","1.215","1.85%"
"Jul 28, 2020","1.217","1.260","1.289","1.216","-3.29%"
"Jul 27, 2020","1.259","1.232","1.265","1.206","2.67%"
"Jul 24, 2020","1.226","1.224","1.264","1.203","-0.51%"
"Jul 23, 2020","1.232","1.299","1.299","1.230","-5.06%"
"Jul 22, 2020","1.298","1.312","1.315","1.274","-1.07%"
"Jul 21, 2020","1.312","1.314","1.326","1.298","0.05%"
"Jul 20, 2020","1.312","1.333","1.334","1.298","-1.16%"
"Jul 17, 2020","1.327","1.310","1.333","1.287","1.23%"
"Jul 16, 2020","1.311","1.330","1.335","1.292","-1.78%"
"Jul 15, 2020","1.335","1.328","1.357","1.303","1.82%"
"Jul 14, 2020","1.311","1.314","1.328","1.278","0.15%"
"Jul 13, 2020","1.309","1.322","1.368","1.308","-1.78%"
"Jul 10, 2020","1.333","1.321","1.339","1.247","1.47%"
"Jul 09, 2020","1.313","1.398","1.402","1.301","-6.25%"
"Jul 08, 2020","1.401","1.383","1.415","1.373","1.85%"
"Jul 07, 2020","1.375","1.441","1.454","1.368","-4.47%"
"Jul 06, 2020","1.440","1.439","1.480","1.438","0.74%"
"Jul 02, 2020","1.429","1.428","1.473","1.416","0.37%"
"Jul 01, 2020","1.424","1.412","1.466","1.411","0.79%"
"Jun 30, 2020","1.413","1.383","1.428","1.365","2.33%"
"Jun 29, 2020","1.381","1.363","1.399","1.356","0.67%"
"Jun 26, 2020","1.371","1.428","1.432","1.369","-4.04%"
"Jun 25, 2020","1.429","1.426","1.439","1.401","-0.18%"
"Jun 24, 2020","1.432","1.497","1.519","1.428","-4.11%"
"Jun 23, 2020","1.493","1.469","1.505","1.432","1.83%"
"Jun 22, 2020","1.466","1.466","1.473","1.428","0.27%"
"Jun 19, 2020","1.462","1.485","1.528","1.457","-1.17%"
"Jun 18, 2020","1.480","1.524","1.525","1.459","-2.96%"
"Jun 17, 2020","1.525","1.550","1.561","1.506","-0.35%"
"Jun 16, 2020","1.530","1.508","1.582","1.484","4.65%"
"Jun 15, 2020","1.462","1.408","1.465","1.386","0.09%"
"Jun 12, 2020","1.461","1.406","1.477","1.396","4.30%"
"Jun 11, 2020","1.401","1.497","1.509","1.399","-7.60%"
"Jun 10, 2020","1.516","1.577","1.589","1.504","-3.97%"
"Jun 09, 2020","1.579","1.640","1.641","1.547","-3.93%"
"Jun 08, 2020","1.643","1.674","1.726","1.636","-1.56%"
"Jun 05, 2020","1.669","1.626","1.762","1.602","2.07%"
"Jun 04, 2020","1.635","1.543","1.638","1.522","6.66%"
"Jun 03, 2020","1.533","1.497","1.569","1.492","2.85%"
"Jun 02, 2020","1.491","1.442","1.495","1.438","1.74%"
"Jun 01, 2020","1.465","1.400","1.474","1.398","3.84%"
"May 29, 2020","1.411","1.445","1.462","1.404","-3.52%"
"May 28, 2020","1.462","1.456","1.485","1.435","0.27%"
"May 27, 2020","1.459","1.435","1.480","1.416","0.97%"
"May 26, 2020","1.444","1.368","1.451","1.366","5.45%"
"May 25, 2020","1.370","1.368","1.371","1.368","-0.05%"
"May 22, 2020","1.370","1.385","1.392","1.329","-2.00%"
"May 21, 2020","1.398","1.397","1.404","1.368","-0.75%"
"May 20, 2020","1.409","1.409","1.444","1.388","-0.37%"
"May 19, 2020","1.414","1.439","1.465","1.408","-1.47%"
"May 18, 2020","1.435","1.327","1.460","1.323","8.34%"
"May 15, 2020","1.325","1.298","1.332","1.251","2.67%"
"May 14, 2020","1.290","1.346","1.349","1.272","-4.03%"
"May 13, 2020","1.344","1.364","1.368","1.316","-2.14%"
"May 12, 2020","1.374","1.420","1.434","1.359","-2.82%"
"May 11, 2020","1.414","1.399","1.448","1.377","2.01%"
"May 08, 2020","1.386","1.334","1.393","1.296","4.50%"
"May 07, 2020","1.326","1.380","1.418","1.308","-5.37%"
"May 06, 2020","1.401","1.352","1.446","1.334","5.08%"
"May 05, 2020","1.334","1.300","1.342","1.297","4.43%"
"May 04, 2020","1.277","1.245","1.306","1.230","1.92%"
"May 01, 2020","1.253","1.274","1.303","1.233","-3.07%"
"Apr 30, 2020","1.293","1.244","1.300","1.219","3.38%"
"Apr 29, 2020","1.250","1.210","1.255","1.171","3.75%"
"Apr 28, 2020","1.205","1.261","1.271","1.191","-4.23%"
"Apr 27, 2020","1.259","1.178","1.264","1.172","7.10%"
"Apr 24, 2020","1.175","1.184","1.207","1.153","-0.48%"
"Apr 23, 2020","1.181","1.212","1.232","1.168","-2.77%"
"Apr 22, 2020","1.215","1.171","1.238","1.127","4.72%"
"Apr 21, 2020","1.160","1.222","1.229","1.126","-5.44%"
"Apr 20, 2020","1.227","1.266","1.273","1.219","-3.01%"
"Apr 17, 2020","1.265","1.275","1.297","1.183","4.19%"
"Apr 16, 2020","1.214","1.279","1.288","1.202","-4.56%"
"Apr 15, 2020","1.272","1.399","1.404","1.255","-9.23%"
"Apr 14, 2020","1.401","1.406","1.417","1.375","0.00%"
"Apr 13, 2020","1.401","1.345","1.415","1.338","3.56%"
"Apr 09, 2020","1.353","1.396","1.396","1.330","-1.80%"
"Apr 08, 2020","1.378","1.307","1.384","1.287","4.65%"
"Apr 07, 2020","1.316","1.308","1.389","1.292","2.33%"
"Apr 06, 2020","1.286","1.228","1.294","1.227","5.69%"
"Apr 03, 2020","1.217","1.254","1.260","1.193","-3.39%"
"Apr 02, 2020","1.260","1.217","1.280","1.206","1.14%"
"Apr 01, 2020","1.246","1.327","1.343","1.205","-5.36%"
"Mar 31, 2020","1.316","1.338","1.363","1.290","-1.74%"
"Mar 30, 2020","1.339","1.245","1.348","1.182","7.66%"
"Mar 27, 2020","1.244","1.434","1.441","1.243","-13.53%"
"Mar 26, 2020","1.439","1.409","1.446","1.318","-0.62%"
"Mar 25, 2020","1.448","1.404","1.472","1.313","2.83%"
"Mar 24, 2020","1.408","1.348","1.462","1.340","5.87%"
"Mar 23, 2020","1.330","1.378","1.535","1.280","-9.72%"
"Mar 20, 2020","1.473","1.912","1.927","1.434","-17.38%"
"Mar 19, 2020","1.783","1.747","1.931","1.597","1.12%"
"Mar 18, 2020","1.763","1.673","1.943","1.587","3.38%"
"Mar 17, 2020","1.706","1.338","1.726","1.331","29.74%"
"Mar 16, 2020","1.315","1.327","1.513","1.260","-17.70%"
"Mar 13, 2020","1.597","1.472","1.870","1.410","11.72%"
"Mar 12, 2020","1.430","1.375","1.496","1.157","5.66%"
"Mar 11, 2020","1.353","1.264","1.404","1.105","4.37%"
"Mar 10, 2020","1.296","1.065","1.331","1.013","25.70%"
"Mar 09, 2020","1.031","0.989","1.088","0.702","-20.45%"
"Mar 06, 2020","1.297","1.549","1.560","1.187","-16.21%"
"Mar 05, 2020","1.547","1.701","1.701","1.536","-9.08%"
"Mar 04, 2020","1.702","1.604","1.712","1.567","5.54%"
"Mar 03, 2020","1.613","1.719","1.754","1.507","-5.46%"
"Mar 02, 2020","1.706","1.642","1.727","1.583","1.29%"
"Feb 28, 2020","1.684","1.780","1.787","1.638","-4.86%"
"Feb 27, 2020","1.770","1.819","1.827","1.742","-2.78%"
"Feb 26, 2020","1.821","1.830","1.870","1.786","-0.18%"
"Feb 25, 2020","1.824","1.845","1.874","1.786","-0.47%"
"Feb 24, 2020","1.833","1.918","1.918","1.811","-4.39%"
"Feb 21, 2020","1.917","1.960","1.968","1.886","-2.33%"
"Feb 20, 2020","1.963","2.023","2.029","1.957","-2.55%"
"Feb 19, 2020","2.014","2.021","2.033","1.990","0.31%"
"Feb 18, 2020","2.008","2.028","2.029","1.983","-1.06%"
"Feb 17, 2020","2.029","2.027","2.029","2.027","-0.45%"
"Feb 14, 2020","2.038","2.076","2.102","2.024","-1.68%"
"Feb 13, 2020","2.073","2.074","2.090","2.036","-0.95%"
"Feb 12, 2020","2.093","2.071","2.101","2.063","1.35%"
"Feb 11, 2020","2.065","2.047","2.069","2.035","1.56%"
"Feb 10, 2020","2.033","2.028","2.063","2.015","-0.60%"
"Feb 07, 2020","2.046","2.111","2.116","2.035","-3.03%"
"Feb 06, 2020","2.110","2.136","2.159","2.105","-1.03%"
"Feb 05, 2020","2.132","2.082","2.143","2.050","2.53%"
"Feb 04, 2020","2.079","1.999","2.091","1.996","3.79%"
"Feb 03, 2020","2.003","2.006","2.053","1.992","0.30%"
"Jan 31, 2020","1.997","2.047","2.068","1.992","-2.93%"
"Jan 30, 2020","2.057","2.044","2.063","2.004","1.16%"
"Jan 29, 2020","2.034","2.105","2.122","2.032","-3.88%"
"Jan 28, 2020","2.116","2.062","2.119","2.022","2.61%"
"Jan 27, 2020","2.062","2.085","2.111","2.049","-3.42%"
"Jan 24, 2020","2.135","2.187","2.210","2.121","-1.85%"
"Jan 23, 2020","2.175","2.216","2.217","2.166","-2.15%"
"Jan 22, 2020","2.223","2.245","2.253","2.207","-0.51%"
"Jan 21, 2020","2.234","2.286","2.286","2.223","-2.24%"
"Jan 20, 2020","2.286","2.285","2.286","2.284","0.03%"
"Jan 17, 2020","2.285","2.289","2.313","2.273","1.20%"
"Jan 16, 2020","2.258","2.248","2.271","2.229","0.88%"
"Jan 15, 2020","2.238","2.269","2.278","2.232","-1.50%"
"Jan 14, 2020","2.272","2.307","2.320","2.271","-1.37%"
"Jan 13, 2020","2.304","2.277","2.322","2.277","1.10%"
"Jan 10, 2020","2.279","2.333","2.341","2.277","-2.16%"
"Jan 09, 2020","2.329","2.359","2.382","2.320","-1.45%"
"Jan 08, 2020","2.363","2.254","2.365","2.201","2.90%"
"Jan 07, 2020","2.296","2.285","2.310","2.273","0.50%"
"Jan 06, 2020","2.285","2.228","2.290","2.225","1.58%"
"Jan 03, 2020","2.249","2.295","2.301","2.245","-3.39%"
"Jan 02, 2020","2.328","2.395","2.419","2.316","-2.54%"
"Jan 01, 2020","2.389","2.389","2.389","2.389","0.00%"
"Dec 31, 2019","2.389","2.333","2.393","2.333","2.32%"
"Dec 30, 2019","2.335","2.317","2.391","2.315","0.75%"
"Dec 27, 2019","2.318","2.328","2.335","2.305","-0.16%"
"Dec 26, 2019","2.321","2.338","2.349","2.320","-0.71%"
"Dec 25, 2019","2.338","2.334","2.338","2.334","0.15%"
"Dec 24, 2019","2.334","2.355","2.376","2.328","-0.83%"
"Dec 23, 2019","2.354","2.346","2.368","2.318","0.43%"
"Dec 20, 2019","2.344","2.356","2.376","2.341","-0.43%"
"Dec 19, 2019","2.354","2.351","2.381","2.331","0.19%"
"Dec 18, 2019","2.349","2.313","2.362","2.290","2.17%"
"Dec 17, 2019","2.299","2.290","2.326","2.270","0.38%"
"Dec 16, 2019","2.291","2.262","2.318","2.256","1.64%"
"Dec 13, 2019","2.254","2.365","2.368","2.236","-2.50%"
"Dec 12, 2019","2.312","2.228","2.350","2.219","3.91%"
"Dec 11, 2019","2.225","2.263","2.265","2.212","-1.78%"
"Dec 10, 2019","2.265","2.256","2.277","2.232","0.38%"
"Dec 09, 2019","2.257","2.283","2.287","2.242","-1.22%"
"Dec 06, 2019","2.284","2.253","2.302","2.233","1.26%"
"Dec 05, 2019","2.256","2.222","2.267","2.208","1.43%"
"Dec 04, 2019","2.224","2.168","2.243","2.150","2.74%"
"Dec 03, 2019","2.165","2.267","2.292","2.142","-4.55%"
"Dec 02, 2019","2.268","2.221","2.298","2.221","2.98%"
"Nov 29, 2019","2.203","2.203","2.228","2.180","0.06%"
"Nov 28, 2019","2.201","2.203","2.203","2.201","0.54%"
"Nov 27, 2019","2.189","2.183","2.214","2.175","0.54%"
"Nov 26, 2019","2.178","2.204","2.220","2.169","-0.89%"
"Nov 25, 2019","2.197","2.227","2.242","2.197","-0.98%"
"Nov 22, 2019","2.219","2.229","2.244","2.200","-0.63%"
"Nov 21, 2019","2.233","2.199","2.251","2.175","1.05%"
"Nov 20, 2019","2.210","2.241","2.248","2.192","-1.85%"
"Nov 19, 2019","2.251","2.295","2.308","2.249","-2.01%"
"Nov 18, 2019","2.297","2.300","2.337","2.275","-0.47%"
"Nov 15, 2019","2.308","2.316","2.334","2.294","0.25%"
"Nov 14, 2019","2.303","2.364","2.371","2.287","-2.84%"
"Nov 13, 2019","2.370","2.404","2.408","2.340","-1.43%"
"Nov 12, 2019","2.404","2.407","2.434","2.374","-0.15%"
"Nov 11, 2019","2.408","2.409","2.410","2.408","-0.80%"
"Nov 08, 2019","2.427","2.403","2.430","2.364","0.74%"
"Nov 07, 2019","2.409","2.308","2.444","2.296","3.99%"
"Nov 06, 2019","2.317","2.336","2.338","2.288","-0.82%"
"Nov 05, 2019","2.336","2.282","2.354","2.276","3.04%"
"Nov 04, 2019","2.267","2.200","2.283","2.200","3.41%"
"Nov 01, 2019","2.193","2.180","2.230","2.167","0.88%"
"Oct 31, 2019","2.173","2.259","2.275","2.165","-3.71%"
"Oct 30, 2019","2.257","2.329","2.346","2.251","-3.14%"
"Oct 29, 2019","2.330","2.342","2.352","2.308","-0.19%"
"Oct 28, 2019","2.335","2.294","2.350","2.293","1.99%"
"Oct 25, 2019","2.289","2.253","2.298","2.243","1.12%"
"Oct 24, 2019","2.264","2.250","2.271","2.222","0.39%"
"Oct 23, 2019","2.255","2.253","2.260","2.218","-0.06%"
"Oct 22, 2019","2.256","2.297","2.299","2.250","-1.56%"
"Oct 21, 2019","2.292","2.237","2.299","2.237","1.94%"
"Oct 18, 2019","2.249","2.233","2.264","2.220","0.71%"
"Oct 17, 2019","2.233","2.222","2.272","2.207","0.19%"
"Oct 16, 2019","2.228","2.231","2.253","2.198","-0.20%"
"Oct 15, 2019","2.233","2.180","2.243","2.148","2.42%"
"Oct 14, 2019","2.180","2.176","2.181","2.176","-0.77%"
"Oct 11, 2019","2.197","2.155","2.243","2.132","1.70%"
"Oct 10, 2019","2.160","2.066","2.174","2.055","3.54%"
"Oct 09, 2019","2.086","2.034","2.114","2.028","2.56%"
"Oct 08, 2019","2.034","2.048","2.088","2.008","-0.93%"
"Oct 07, 2019","2.053","2.008","2.057","1.998","1.96%"
"Oct 04, 2019","2.014","2.034","2.048","2.004","-0.87%"
"Oct 03, 2019","2.031","2.086","2.090","2.016","-2.69%"
"Oct 02, 2019","2.088","2.097","2.134","2.067","-0.17%"
"Oct 01, 2019","2.091","2.118","2.205","2.077","-1.08%"
"Sep 30, 2019","2.114","2.134","2.163","2.110","-0.78%"
"Sep 27, 2019","2.131","2.140","2.171","2.120","-0.69%"
"Sep 26, 2019","2.145","2.180","2.181","2.118","-1.93%"
"Sep 25, 2019","2.188","2.106","2.190","2.082","3.76%"
"Sep 24, 2019","2.109","2.167","2.170","2.085","-2.90%"
"Sep 23, 2019","2.171","2.198","2.213","2.113","0.59%"
"Sep 20, 2019","2.159","2.226","2.238","2.153","-3.21%"
"Sep 19, 2019","2.230","2.244","2.265","2.193","-0.90%"
"Sep 18, 2019","2.251","2.272","2.285","2.211","-0.95%"
"Sep 17, 2019","2.272","2.314","2.321","2.254","-1.82%"
"Sep 16, 2019","2.315","2.384","2.386","2.268","-2.55%"
"Sep 13, 2019","2.375","2.257","2.381","2.249","5.13%"
"Sep 12, 2019","2.259","2.245","2.280","2.142","1.48%"
"Sep 11, 2019","2.226","2.211","2.233","2.184","-0.03%"
"Sep 10, 2019","2.227","2.130","2.229","2.096","4.51%"
"Sep 09, 2019","2.131","2.027","2.134","2.024","5.23%"
"Sep 06, 2019","2.025","2.045","2.098","2.011","-1.39%"
"Sep 05, 2019","2.054","1.975","2.091","1.972","3.93%"
"Sep 04, 2019","1.976","1.941","2.002","1.941","1.16%"
"Sep 03, 2019","1.953","1.975","2.010","1.909","-1.11%"
"Sep 02, 2019","1.975","1.979","1.979","1.975","0.61%"
"Aug 30, 2019","1.963","1.959","2.020","1.955","0.07%"
"Aug 29, 2019","1.962","1.956","2.009","1.920","1.23%"
"Aug 28, 2019","1.938","1.958","1.977","1.905","-0.78%"
"Aug 27, 2019","1.953","2.030","2.036","1.949","-4.32%"
"Aug 26, 2019","2.042","1.982","2.045","1.935","0.71%"
"Aug 23, 2019","2.027","2.107","2.158","2.006","-3.65%"
"Aug 22, 2019","2.104","2.070","2.110","2.033","1.43%"
"Aug 21, 2019","2.074","2.041","2.096","2.020","1.88%"
"Aug 20, 2019","2.036","2.072","2.085","2.028","-2.40%"
"Aug 19, 2019","2.086","2.060","2.130","2.049","2.04%"
"Aug 16, 2019","2.044","1.972","2.053","1.959","4.61%"
"Aug 15, 2019","1.954","2.030","2.033","1.916","-3.29%"
"Aug 14, 2019","2.021","2.155","2.173","2.015","-6.62%"
"Aug 13, 2019","2.164","2.147","2.170","2.097","1.71%"
"Aug 12, 2019","2.128","2.299","2.299","2.119","-5.83%"
"Aug 09, 2019","2.259","2.227","2.262","2.193","1.37%"
"Aug 08, 2019","2.229","2.224","2.322","2.220","-0.59%"
"Aug 07, 2019","2.242","2.225","2.255","2.123","0.06%"
"Aug 06, 2019","2.241","2.235","2.327","2.230","-1.03%"
"Aug 05, 2019","2.264","2.391","2.395","2.256","-4.72%"
"Aug 02, 2019","2.376","2.445","2.457","2.368","-2.96%"
"Aug 01, 2019","2.449","2.531","2.559","2.422","-2.84%"
"Jul 31, 2019","2.521","2.581","2.586","2.516","-2.32%"
"Jul 30, 2019","2.580","2.583","2.594","2.565","-0.42%"
"Jul 29, 2019","2.591","2.592","2.596","2.567","-0.17%"
"Jul 26, 2019","2.596","2.610","2.616","2.578","-0.51%"
"Jul 25, 2019","2.609","2.579","2.633","2.546","1.19%"
"Jul 24, 2019","2.578","2.620","2.620","2.573","-1.45%"
"Jul 23, 2019","2.616","2.573","2.620","2.568","1.70%"
"Jul 22, 2019","2.573","2.582","2.586","2.542","-0.34%"
"Jul 19, 2019","2.581","2.568","2.588","2.562","0.68%"
"Jul 18, 2019","2.564","2.565","2.600","2.554","0.31%"
"Jul 17, 2019","2.556","2.617","2.621","2.555","-2.23%"
"Jul 16, 2019","2.614","2.611","2.653","2.602","0.17%"
"Jul 15, 2019","2.610","2.658","2.666","2.606","-1.45%"
"Jul 12, 2019","2.648","2.653","2.677","2.632","-0.50%"
"Jul 11, 2019","2.661","2.569","2.672","2.551","3.42%"
"Jul 10, 2019","2.574","2.541","2.598","2.537","1.10%"
"Jul 09, 2019","2.546","2.521","2.552","2.516","0.54%"
"Jul 08, 2019","2.532","2.542","2.543","2.507","-0.48%"
"Jul 05, 2019","2.544","2.461","2.572","2.456","3.26%"
"Jul 04, 2019","2.464","2.461","2.464","2.461","-0.26%"
"Jul 03, 2019","2.470","2.501","2.502","2.465","-1.36%"
"Jul 02, 2019","2.504","2.541","2.552","2.502","-1.93%"
"Jul 01, 2019","2.553","2.558","2.575","2.528","0.79%"
"Jun 28, 2019","2.533","2.535","2.549","2.521","0.08%"
"Jun 27, 2019","2.531","2.567","2.582","2.521","-1.60%"
"Jun 26, 2019","2.572","2.527","2.573","2.525","1.97%"
"Jun 25, 2019","2.523","2.544","2.552","2.516","-0.93%"
"Jun 24, 2019","2.546","2.591","2.596","2.543","-1.54%"
"Jun 21, 2019","2.586","2.533","2.593","2.510","1.90%"
"Jun 20, 2019","2.538","2.542","2.544","2.480","-0.09%"
"Jun 19, 2019","2.540","2.550","2.578","2.533","-0.37%"
"Jun 18, 2019","2.549","2.578","2.585","2.513","-1.20%"
"Jun 17, 2019","2.580","2.591","2.613","2.573","-0.28%"
"Jun 14, 2019","2.588","2.594","2.605","2.570","-0.48%"
"Jun 13, 2019","2.600","2.616","2.621","2.596","-0.67%"
"Jun 12, 2019","2.618","2.611","2.632","2.593","0.00%"
"Jun 11, 2019","2.618","2.622","2.656","2.613","-0.36%"
"Jun 10, 2019","2.627","2.593","2.632","2.587","2.04%"
"Jun 07, 2019","2.575","2.621","2.627","2.559","-1.53%"
"Jun 06, 2019","2.615","2.635","2.645","2.579","-1.09%"
"Jun 05, 2019","2.644","2.611","2.649","2.584","1.55%"
"Jun 04, 2019","2.603","2.549","2.616","2.545","2.59%"
"Jun 03, 2019","2.538","2.566","2.579","2.522","-1.29%"
"May 31, 2019","2.571","2.625","2.631","2.567","-2.79%"
"May 30, 2019","2.644","2.689","2.705","2.641","-1.79%"
"May 29, 2019","2.693","2.705","2.706","2.655","-0.47%"
"May 28, 2019","2.705","2.735","2.741","2.698","-1.10%"
"May 27, 2019","2.735","2.736","2.737","2.735","-0.60%"
"May 24, 2019","2.752","2.753","2.766","2.743","-0.17%"
"May 23, 2019","2.757","2.810","2.811","2.731","-1.79%"
"May 22, 2019","2.807","2.844","2.849","2.807","-1.36%"
"May 21, 2019","2.845","2.836","2.854","2.826","0.22%"
"May 20, 2019","2.839","2.832","2.841","2.808","0.52%"
"May 17, 2019","2.825","2.837","2.844","2.804","-0.30%"
"May 16, 2019","2.833","2.821","2.847","2.801","0.41%"
"May 15, 2019","2.822","2.848","2.855","2.808","-1.03%"
"May 14, 2019","2.851","2.837","2.860","2.833","0.44%"
"May 13, 2019","2.839","2.859","2.870","2.828","-1.78%"
"May 10, 2019","2.890","2.874","2.890","2.850","0.73%"
"May 09, 2019","2.869","2.890","2.894","2.851","-0.88%"
"May 08, 2019","2.895","2.864","2.899","2.840","1.27%"
"May 07, 2019","2.858","2.894","2.910","2.857","-1.73%"
"May 06, 2019","2.908","2.887","2.910","2.886","-0.45%"
"May 03, 2019","2.922","2.931","2.962","2.912","-0.43%"
"May 02, 2019","2.934","2.920","2.948","2.903","0.91%"
"May 01, 2019","2.908","2.936","2.936","2.885","-0.75%"
"Apr 30, 2019","2.930","2.948","2.974","2.929","-0.85%"
"Apr 29, 2019","2.955","2.919","2.970","2.904","1.05%"
"Apr 26, 2019","2.924","2.938","2.955","2.916","-0.67%"
"Apr 25, 2019","2.944","2.938","2.958","2.931","0.27%"
"Apr 24, 2019","2.936","2.983","2.985","2.935","-1.53%"
"Apr 23, 2019","2.982","2.990","3.001","2.976","-0.29%"
"Apr 22, 2019","2.990","2.964","2.997","2.963","1.07%"
"Apr 18, 2019","2.959","2.990","2.991","2.959","-1.16%"
"Apr 17, 2019","2.993","2.992","3.011","2.979","-0.05%"
"Apr 16, 2019","2.995","2.967","2.998","2.963","0.88%"
"Apr 15, 2019","2.969","2.974","2.982","2.960","-0.19%"
"Apr 12, 2019","2.974","2.930","2.978","2.918","1.56%"
"Apr 11, 2019","2.929","2.897","2.940","2.895","1.29%"
"Apr 10, 2019","2.891","2.913","2.923","2.886","-0.75%"
"Apr 09, 2019","2.913","2.922","2.934","2.895","-0.43%"
"Apr 08, 2019","2.926","2.909","2.930","2.896","0.72%"
"Apr 05, 2019","2.905","2.921","2.952","2.902","-0.56%"
"Apr 04, 2019","2.921","2.929","2.938","2.913","-0.48%"
"Apr 03, 2019","2.935","2.878","2.937","2.875","2.05%"
"Apr 02, 2019","2.876","2.885","2.897","2.865","-0.53%"
"Apr 01, 2019","2.892","2.833","2.898","2.831","2.67%"
"Mar 29, 2019","2.816","2.817","2.846","2.809","-0.08%"
"Mar 28, 2019","2.819","2.810","2.830","2.791","-0.08%"
"Mar 27, 2019","2.821","2.875","2.883","2.811","-1.89%"
"Mar 26, 2019","2.875","2.871","2.906","2.860","0.32%"
"Mar 25, 2019","2.866","2.884","2.914","2.830","-0.30%"
"Mar 22, 2019","2.875","2.967","2.967","2.857","-3.05%"
"Mar 21, 2019","2.965","2.970","2.975","2.953","-0.16%"
"Mar 20, 2019","2.970","3.026","3.029","2.964","-1.94%"
"Mar 19, 2019","3.029","3.014","3.052","3.005","0.37%"
"Mar 18, 2019","3.017","3.014","3.033","3.007","0.16%"
"Mar 15, 2019","3.013","3.042","3.052","3.004","-1.02%"
"Mar 14, 2019","3.044","3.016","3.049","3.010","0.85%"
"Mar 13, 2019","3.018","2.991","3.019","2.991","0.99%"
"Mar 12, 2019","2.989","3.042","3.064","2.983","-1.29%"
"Mar 11, 2019","3.028","3.013","3.046","3.008","0.50%"
"Mar 08, 2019","3.013","3.031","3.045","3.004","-0.47%"
"Mar 07, 2019","3.027","3.068","3.072","3.025","-1.42%"
"Mar 06, 2019","3.070","3.083","3.089","3.054","-0.39%"
"Mar 05, 2019","3.083","3.093","3.111","3.080","-0.32%"
"Mar 04, 2019","3.092","3.133","3.135","3.086","-1.12%"
"Mar 01, 2019","3.128","3.083","3.137","3.079","1.48%"
"Feb 28, 2019","3.082","3.061","3.101","3.042","0.53%"
"Feb 27, 2019","3.066","3.007","3.077","3.005","1.92%"
"Feb 26, 2019","3.008","3.024","3.035","3.004","-0.77%"
"Feb 25, 2019","3.031","3.024","3.047","3.018","0.48%"
"Feb 22, 2019","3.017","3.049","3.049","2.999","-1.10%"
"Feb 21, 2019","3.050","2.994","3.054","2.990","1.73%"
"Feb 20, 2019","2.998","2.981","3.013","2.970","0.66%"
"Feb 19, 2019","2.979","2.998","3.004","2.969","-0.63%"
"Feb 18, 2019","2.998","2.998","2.998","2.998","0.11%"
"Feb 15, 2019","2.994","3.002","3.024","2.984","-0.16%"
"Feb 14, 2019","2.999","3.028","3.039","2.986","-1.21%"
"Feb 13, 2019","3.036","3.030","3.045","3.018","0.40%"
"Feb 12, 2019","3.024","2.994","3.031","2.992","1.12%"
"Feb 11, 2019","2.990","2.978","3.006","2.976","0.48%"
"Feb 08, 2019","2.976","3.001","3.005","2.971","-0.66%"
"Feb 07, 2019","2.996","3.032","3.032","2.991","-1.28%"
"Feb 06, 2019","3.035","3.035","3.043","3.008","0.00%"
"Feb 05, 2019","3.035","3.051","3.073","3.018","-0.71%"
"Feb 04, 2019","3.057","3.031","3.074","3.024","1.04%"
"Feb 01, 2019","3.025","3.006","3.037","2.987","0.94%"
"Jan 31, 2019","2.997","3.035","3.038","2.989","-1.18%"
"Jan 30, 2019","3.033","3.045","3.072","3.031","-0.23%"
"Jan 29, 2019","3.040","3.064","3.076","3.037","-0.88%"
"Jan 28, 2019","3.067","3.061","3.072","3.040","0.03%"
"Jan 25, 2019","3.066","3.039","3.068","3.036","1.09%"
"Jan 24, 2019","3.033","3.062","3.070","3.025","-1.13%"
"Jan 23, 2019","3.068","3.062","3.101","3.052","0.17%"
"Jan 22, 2019","3.063","3.095","3.100","3.046","-1.08%"
"Jan 21, 2019","3.096","3.095","3.096","3.095","-0.15%"
"Jan 18, 2019","3.101","3.071","3.109","3.069","0.83%"
"Jan 17, 2019","3.075","3.069","3.085","3.048","0.02%"
"Jan 16, 2019","3.074","3.076","3.106","3.059","-0.10%"
"Jan 15, 2019","3.077","3.052","3.080","3.033","0.66%"
"Jan 14, 2019","3.057","3.056","3.064","3.007","0.78%"
"Jan 11, 2019","3.033","3.051","3.061","3.017","-1.01%"
"Jan 10, 2019","3.064","3.008","3.066","2.986","1.94%"
"Jan 09, 2019","3.006","3.011","3.034","2.998","0.05%"
"Jan 08, 2019","3.004","2.984","3.011","2.977","0.38%"
"Jan 07, 2019","2.993","2.980","2.997","2.935","0.41%"
"Jan 04, 2019","2.981","2.906","2.996","2.888","2.68%"
"Jan 03, 2019","2.903","2.967","2.974","2.897","-2.01%"
"Jan 02, 2019","2.963","3.016","3.059","2.953","-1.88%"
"Jan 01, 2019","3.020","3.020","3.020","3.020","0.00%"